Date,Electric_Consumption
2024-08-01 00:00:00,0.0
2024-08-01 01:00:00,0.0
2024-08-01 02:00:00,0.0
2024-08-01 03:00:00,0.0
2024-08-01 04:00:00,0.0
2024-08-01 05:00:00,0.0
2024-08-01 06:00:00,0.0
2024-08-01 07:00:00,0.0
2024-08-01 08:00:00,0.0
2024-08-01 09:00:00,0.0
2024-08-01 10:00:00,15.86959171295166
2024-08-01 11:00:00,18.28524398803711
2024-08-01 12:00:00,18.98232650756836
2024-08-01 13:00:00,18.996551513671875
2024-08-01 14:00:00,18.785860061645508
2024-08-01 15:00:00,17.259662628173828
2024-08-01 16:00:00,10.618500709533691
2024-08-01 17:00:00,3.8548872470855713
2024-08-01 18:00:00,-0.00439867377281189
2024-08-01 19:00:00,-0.10369741916656494
2024-08-01 20:00:00,-0.040679931640625
2024-08-01 21:00:00,-0.022725552320480347
2024-08-01 22:00:00,-0.021940290927886963
2024-08-01 23:00:00,-0.004211902618408203
2024-08-02 00:00:00,0.0628848671913147
2024-08-02 01:00:00,0.15022709965705872
2024-08-02 02:00:00,0.1982479691505432
2024-08-02 03:00:00,0.05730713903903961
2024-08-02 04:00:00,0.6722671985626221
2024-08-02 05:00:00,1.8884193897247314
2024-08-02 06:00:00,4.068955898284912
2024-08-02 07:00:00,2.677405834197998
2024-08-02 08:00:00,10.276161193847656
2024-08-02 09:00:00,12.33804988861084
2024-08-02 10:00:00,15.265459060668945
2024-08-02 11:00:00,17.389081954956055
2024-08-02 12:00:00,18.31553840637207
2024-08-02 13:00:00,18.473419189453125
2024-08-02 14:00:00,18.277570724487305
2024-08-02 15:00:00,17.748607635498047
2024-08-02 16:00:00,16.46811294555664
2024-08-02 17:00:00,9.298645973205566
2024-08-02 18:00:00,-0.019568055868148804
2024-08-02 19:00:00,0.0644567608833313
2024-08-02 20:00:00,0.00843074917793274
2024-08-02 21:00:00,-0.08179134130477905
2024-08-02 22:00:00,-0.034842491149902344
2024-08-02 23:00:00,-0.02996334433555603
2024-08-03 00:00:00,-0.025339245796203613
2024-08-03 01:00:00,0.14145037531852722
2024-08-03 02:00:00,0.03734371066093445
2024-08-03 03:00:00,0.01683853566646576
2024-08-03 04:00:00,0.16333138942718506
2024-08-03 05:00:00,0.2483006715774536
2024-08-03 06:00:00,0.6129748225212097
2024-08-03 07:00:00,1.011925220489502
2024-08-03 08:00:00,11.009845733642578
2024-08-03 09:00:00,12.70191764831543
2024-08-03 10:00:00,14.208172798156738
2024-08-03 11:00:00,16.071502685546875
2024-08-03 12:00:00,16.980487823486328
2024-08-03 13:00:00,17.352218627929688
2024-08-03 14:00:00,17.089143753051758
2024-08-03 15:00:00,15.81657886505127
2024-08-03 16:00:00,13.333508491516113
2024-08-03 17:00:00,8.230582237243652
2024-08-03 18:00:00,1.0918177366256714
2024-08-03 19:00:00,0.055280864238739014
2024-08-03 20:00:00,0.06831568479537964
2024-08-03 21:00:00,-0.00030875205993652344
2024-08-03 22:00:00,-0.013030648231506348
2024-08-03 23:00:00,-0.03641420602798462
2024-08-04 00:00:00,-0.006861388683319092
2024-08-04 01:00:00,0.12477868795394897
2024-08-04 02:00:00,0.0848635733127594
2024-08-04 03:00:00,-0.12937933206558228
2024-08-04 04:00:00,0.06365163624286652
2024-08-04 05:00:00,0.31577974557876587
2024-08-04 06:00:00,0.6597908139228821
2024-08-04 07:00:00,1.1280943155288696
2024-08-04 08:00:00,10.823158264160156
2024-08-04 09:00:00,12.889201164245605
2024-08-04 10:00:00,15.34723949432373
2024-08-04 11:00:00,17.016071319580078
2024-08-04 12:00:00,17.43379020690918
2024-08-04 13:00:00,17.580598831176758
2024-08-04 14:00:00,17.328697204589844
2024-08-04 15:00:00,16.02497673034668
2024-08-04 16:00:00,13.756115913391113
2024-08-04 17:00:00,7.629515647888184
2024-08-04 18:00:00,2.241780996322632
2024-08-04 19:00:00,-0.19260287284851074
2024-08-04 20:00:00,-0.007213711738586426
2024-08-04 21:00:00,0.047282665967941284
2024-08-04 22:00:00,-0.033255308866500854
2024-08-04 23:00:00,-0.040013134479522705
2024-08-05 00:00:00,-0.004412442445755005
2024-08-05 01:00:00,0.10970741510391235
2024-08-05 02:00:00,0.1595224142074585
2024-08-05 03:00:00,-0.16590645909309387
2024-08-05 04:00:00,1.8464939594268799
2024-08-05 05:00:00,6.270428657531738
2024-08-05 06:00:00,5.472050666809082
2024-08-05 07:00:00,8.463607788085938
2024-08-05 08:00:00,7.7960076332092285
2024-08-05 09:00:00,15.10744571685791
2024-08-05 10:00:00,17.461196899414062
2024-08-05 11:00:00,18.309282302856445
2024-08-05 12:00:00,18.467296600341797
2024-08-05 13:00:00,18.49639320373535
2024-08-05 14:00:00,18.188255310058594
2024-08-05 15:00:00,15.970187187194824
2024-08-05 16:00:00,12.630904197692871
2024-08-05 17:00:00,5.164580345153809
2024-08-05 18:00:00,0.35927578806877136
2024-08-05 19:00:00,0.034389764070510864
2024-08-05 20:00:00,0.023274511098861694
2024-08-05 21:00:00,0.00573045015335083
2024-08-05 22:00:00,-0.03936091065406799
2024-08-05 23:00:00,-0.05738639831542969
2024-08-06 00:00:00,-0.05130571126937866
2024-08-06 01:00:00,-0.02809065580368042
2024-08-06 02:00:00,0.04354014992713928
2024-08-06 03:00:00,0.049674928188323975
2024-08-06 04:00:00,0.19059014320373535
2024-08-06 05:00:00,0.5324747562408447
2024-08-06 06:00:00,1.569460153579712
2024-08-06 07:00:00,2.408085346221924
2024-08-06 08:00:00,11.232950210571289
2024-08-06 09:00:00,14.463523864746094
2024-08-06 10:00:00,18.03996467590332
2024-08-06 11:00:00,18.890501022338867
2024-08-06 12:00:00,19.218860626220703
2024-08-06 13:00:00,19.296056747436523
2024-08-06 14:00:00,18.97654914855957
2024-08-06 15:00:00,18.228559494018555
2024-08-06 16:00:00,13.487383842468262
2024-08-06 17:00:00,6.1515913009643555
2024-08-06 18:00:00,0.10590562224388123
2024-08-06 19:00:00,0.14359909296035767
2024-08-06 20:00:00,0.08442273736000061
2024-08-06 21:00:00,0.036353856325149536
2024-08-06 22:00:00,0.004329025745391846
2024-08-06 23:00:00,-0.04964858293533325
2024-08-07 00:00:00,-0.24788331985473633
2024-08-07 01:00:00,-0.3607064485549927
2024-08-07 02:00:00,-0.14106395840644836
2024-08-07 03:00:00,0.49681633710861206
2024-08-07 04:00:00,1.7090952396392822
2024-08-07 05:00:00,1.100477933883667
2024-08-07 06:00:00,0.1545940339565277
2024-08-07 07:00:00,2.406877279281616
2024-08-07 08:00:00,8.406747817993164
2024-08-07 09:00:00,12.895955085754395
2024-08-07 10:00:00,15.236764907836914
2024-08-07 11:00:00,17.902929306030273
2024-08-07 12:00:00,18.85432243347168
2024-08-07 13:00:00,19.018428802490234
2024-08-07 14:00:00,18.744239807128906
2024-08-07 15:00:00,17.195491790771484
2024-08-07 16:00:00,11.381105422973633
2024-08-07 17:00:00,2.597268581390381
2024-08-07 18:00:00,0.1601954996585846
2024-08-07 19:00:00,0.06434571743011475
2024-08-07 20:00:00,0.03151482343673706
2024-08-07 21:00:00,-0.0009385347366333008
2024-08-07 22:00:00,0.015122383832931519
2024-08-07 23:00:00,-0.04390031099319458
2024-08-08 00:00:00,-0.055361807346343994
2024-08-08 01:00:00,-0.005826622247695923
2024-08-08 02:00:00,0.07632866501808167
2024-08-08 03:00:00,-0.017111003398895264
2024-08-08 04:00:00,-0.059018850326538086
2024-08-08 05:00:00,-0.03364327549934387
2024-08-08 06:00:00,0.1859520971775055
2024-08-08 07:00:00,0.6867653131484985
2024-08-08 08:00:00,11.430220603942871
2024-08-08 09:00:00,13.12702751159668
2024-08-08 10:00:00,16.628398895263672
2024-08-08 11:00:00,17.86393165588379
2024-08-08 12:00:00,18.600671768188477
2024-08-08 13:00:00,18.626773834228516
2024-08-08 14:00:00,18.57526397705078
2024-08-08 15:00:00,18.272296905517578
2024-08-08 16:00:00,16.219968795776367
2024-08-08 17:00:00,8.274876594543457
2024-08-08 18:00:00,0.0801541805267334
2024-08-08 19:00:00,0.20470458269119263
2024-08-08 20:00:00,0.05587953329086304
2024-08-08 21:00:00,0.006325662136077881
2024-08-08 22:00:00,-0.01613295078277588
2024-08-08 23:00:00,-0.026897192001342773
2024-08-09 00:00:00,0.11418417096138
2024-08-09 01:00:00,0.16202789545059204
2024-08-09 02:00:00,0.03325855731964111
2024-08-09 03:00:00,-0.0008958131074905396
2024-08-09 04:00:00,0.12864753603935242
2024-08-09 05:00:00,0.6454469561576843
2024-08-09 06:00:00,0.2993108034133911
2024-08-09 07:00:00,1.2495527267456055
2024-08-09 08:00:00,10.202033042907715
2024-08-09 09:00:00,12.221081733703613
2024-08-09 10:00:00,16.053625106811523
2024-08-09 11:00:00,17.544492721557617
2024-08-09 12:00:00,17.832551956176758
2024-08-09 13:00:00,17.820903778076172
2024-08-09 14:00:00,17.769784927368164
2024-08-09 15:00:00,17.047225952148438
2024-08-09 16:00:00,14.81466007232666
2024-08-09 17:00:00,9.620206832885742
2024-08-09 18:00:00,1.2312092781066895
2024-08-09 19:00:00,0.2734164893627167
2024-08-09 20:00:00,0.18522518873214722
2024-08-09 21:00:00,0.1799091398715973
2024-08-09 22:00:00,0.12045329809188843
2024-08-09 23:00:00,0.07203689217567444
2024-08-10 00:00:00,0.050221145153045654
2024-08-10 01:00:00,0.0822487473487854
2024-08-10 02:00:00,0.08893036842346191
2024-08-10 03:00:00,-0.041804373264312744
2024-08-10 04:00:00,0.22533713281154633
2024-08-10 05:00:00,0.3192346394062042
2024-08-10 06:00:00,0.41070443391799927
2024-08-10 07:00:00,0.7829949259757996
2024-08-10 08:00:00,11.516716957092285
2024-08-10 09:00:00,12.439343452453613
2024-08-10 10:00:00,15.537141799926758
2024-08-10 11:00:00,17.223209381103516
2024-08-10 12:00:00,17.42889404296875
2024-08-10 13:00:00,17.632686614990234
2024-08-10 14:00:00,16.851282119750977
2024-08-10 15:00:00,16.44121551513672
2024-08-10 16:00:00,15.056631088256836
2024-08-10 17:00:00,10.410859107971191
2024-08-10 18:00:00,2.1004273891448975
2024-08-10 19:00:00,-0.40216130018234253
2024-08-10 20:00:00,0.031531304121017456
2024-08-10 21:00:00,0.004609823226928711
2024-08-10 22:00:00,-0.04506450891494751
2024-08-10 23:00:00,-0.028591662645339966
2024-08-11 00:00:00,-0.027370691299438477
2024-08-11 01:00:00,0.06521588563919067
2024-08-11 02:00:00,0.16239094734191895
2024-08-11 03:00:00,-0.01624852418899536
2024-08-11 04:00:00,0.3337143361568451
2024-08-11 05:00:00,1.2492010593414307
2024-08-11 06:00:00,3.0656559467315674
2024-08-11 07:00:00,2.619069814682007
2024-08-11 08:00:00,10.603874206542969
2024-08-11 09:00:00,14.620418548583984
2024-08-11 10:00:00,17.787153244018555
2024-08-11 11:00:00,18.457189559936523
2024-08-11 12:00:00,18.791147232055664
2024-08-11 13:00:00,18.546693801879883
2024-08-11 14:00:00,18.23333168029785
2024-08-11 15:00:00,17.201570510864258
2024-08-11 16:00:00,13.948326110839844
2024-08-11 17:00:00,6.408410549163818
2024-08-11 18:00:00,1.2033908367156982
2024-08-11 19:00:00,0.22532948851585388
2024-08-11 20:00:00,0.09731334447860718
2024-08-11 21:00:00,-4.234910011291504e-05
2024-08-11 22:00:00,-0.04890221357345581
2024-08-11 23:00:00,-0.052994489669799805
2024-08-12 00:00:00,-0.09299635887145996
2024-08-12 01:00:00,-0.07918506860733032
2024-08-12 02:00:00,-0.027314603328704834
2024-08-12 03:00:00,-0.029260724782943726
2024-08-12 04:00:00,0.08238640427589417
2024-08-12 05:00:00,1.7284066677093506
2024-08-12 06:00:00,0.7605794072151184
2024-08-12 07:00:00,1.8245508670806885
2024-08-12 08:00:00,13.961244583129883
2024-08-12 09:00:00,16.704893112182617
2024-08-12 10:00:00,17.35638427734375
2024-08-12 11:00:00,19.097692489624023
2024-08-12 12:00:00,18.724111557006836
2024-08-12 13:00:00,18.7301082611084
2024-08-12 14:00:00,18.134374618530273
2024-08-12 15:00:00,17.470659255981445
2024-08-12 16:00:00,15.142019271850586
2024-08-12 17:00:00,9.04989242553711
2024-08-12 18:00:00,1.1850260496139526
2024-08-12 19:00:00,-0.0030428171157836914
2024-08-12 20:00:00,-0.003364652395248413
2024-08-12 21:00:00,-0.009990334510803223
2024-08-12 22:00:00,-0.050618529319763184
2024-08-12 23:00:00,-0.03289961814880371
2024-08-13 00:00:00,0.01066499948501587
2024-08-13 01:00:00,0.06054463982582092
2024-08-13 02:00:00,-0.026036977767944336
2024-08-13 03:00:00,-0.26431649923324585
2024-08-13 04:00:00,1.3507838249206543
2024-08-13 05:00:00,1.0013811588287354
2024-08-13 06:00:00,1.6358168125152588
2024-08-13 07:00:00,1.644897699356079
2024-08-13 08:00:00,5.571743488311768
2024-08-13 09:00:00,13.216113090515137
2024-08-13 10:00:00,17.907045364379883
2024-08-13 11:00:00,18.76012420654297
2024-08-13 12:00:00,18.096752166748047
2024-08-13 13:00:00,17.178016662597656
2024-08-13 14:00:00,15.764137268066406
2024-08-13 15:00:00,14.728562355041504
2024-08-13 16:00:00,14.534008026123047
2024-08-13 17:00:00,7.134438514709473
2024-08-13 18:00:00,0.31958186626434326
2024-08-13 19:00:00,-0.025933384895324707
2024-08-13 20:00:00,0.038943201303482056
2024-08-13 21:00:00,-0.05640733242034912
2024-08-13 22:00:00,-0.023799985647201538
2024-08-13 23:00:00,-0.06259456276893616
2024-08-14 00:00:00,-0.03898632526397705
2024-08-14 01:00:00,0.006153136491775513
2024-08-14 02:00:00,0.001623600721359253
2024-08-14 03:00:00,-0.0648995041847229
2024-08-14 04:00:00,0.3991386294364929
2024-08-14 05:00:00,-0.15267467498779297
2024-08-14 06:00:00,1.8249146938323975
2024-08-14 07:00:00,0.7531828284263611
2024-08-14 08:00:00,10.603480339050293
2024-08-14 09:00:00,14.479073524475098
2024-08-14 10:00:00,16.964618682861328
2024-08-14 11:00:00,18.318029403686523
2024-08-14 12:00:00,18.958175659179688
2024-08-14 13:00:00,18.955263137817383
2024-08-14 14:00:00,18.293170928955078
2024-08-14 15:00:00,17.743593215942383
2024-08-14 16:00:00,16.017292022705078
2024-08-14 17:00:00,11.168546676635742
2024-08-14 18:00:00,4.220933437347412
2024-08-14 19:00:00,-0.4087255597114563
2024-08-14 20:00:00,0.2941519618034363
2024-08-14 21:00:00,0.1747249960899353
2024-08-14 22:00:00,0.09386324882507324
2024-08-14 23:00:00,0.0546112060546875
2024-08-15 00:00:00,0.020152509212493896
2024-08-15 01:00:00,0.0033197999000549316
2024-08-15 02:00:00,-0.05043309926986694
2024-08-15 03:00:00,-0.05625993013381958
2024-08-15 04:00:00,2.0058701038360596
2024-08-15 05:00:00,2.086191177368164
2024-08-15 06:00:00,0.3219296336174011
2024-08-15 07:00:00,1.3739349842071533
2024-08-15 08:00:00,11.891419410705566
2024-08-15 09:00:00,13.789780616760254
2024-08-15 10:00:00,15.673944473266602
2024-08-15 11:00:00,18.304298400878906
2024-08-15 12:00:00,18.905912399291992
2024-08-15 13:00:00,18.992643356323242
2024-08-15 14:00:00,18.284629821777344
2024-08-15 15:00:00,16.452070236206055
2024-08-15 16:00:00,12.072474479675293
2024-08-15 17:00:00,5.6338114738464355
2024-08-15 18:00:00,1.1066699028015137
2024-08-15 19:00:00,0.08273908495903015
2024-08-15 20:00:00,0.14046773314476013
2024-08-15 21:00:00,0.06634801626205444
2024-08-15 22:00:00,0.03567436337471008
2024-08-15 23:00:00,0.009123623371124268
2024-08-16 00:00:00,-0.08570864796638489
2024-08-16 01:00:00,-0.038341641426086426
2024-08-16 02:00:00,-0.09556204080581665
2024-08-16 03:00:00,-0.10267585515975952
2024-08-16 04:00:00,0.11176541447639465
2024-08-16 05:00:00,3.7779202461242676
2024-08-16 06:00:00,7.284231662750244
2024-08-16 07:00:00,6.217214584350586
2024-08-16 08:00:00,10.812552452087402
2024-08-16 09:00:00,15.59346866607666
2024-08-16 10:00:00,14.703373908996582
2024-08-16 11:00:00,15.01219654083252
2024-08-16 12:00:00,15.765308380126953
2024-08-16 13:00:00,17.140478134155273
2024-08-16 14:00:00,17.04236602783203
2024-08-16 15:00:00,13.982810020446777
2024-08-16 16:00:00,9.327184677124023
2024-08-16 17:00:00,0.25429028272628784
2024-08-16 18:00:00,0.04425090551376343
2024-08-16 19:00:00,0.07280737161636353
2024-08-16 20:00:00,0.13094717264175415
2024-08-16 21:00:00,0.1316431760787964
2024-08-16 22:00:00,0.08817249536514282
2024-08-16 23:00:00,0.0369131863117218
2024-08-17 00:00:00,-0.028670549392700195
2024-08-17 01:00:00,-0.03852742910385132
2024-08-17 02:00:00,0.0159185528755188
2024-08-17 03:00:00,0.011125043034553528
2024-08-17 04:00:00,0.17207764089107513
2024-08-17 05:00:00,0.740685760974884
2024-08-17 06:00:00,0.7516161799430847
2024-08-17 07:00:00,3.683725595474243
2024-08-17 08:00:00,12.296974182128906
2024-08-17 09:00:00,11.823652267456055
2024-08-17 10:00:00,16.160051345825195
2024-08-17 11:00:00,17.296857833862305
2024-08-17 12:00:00,14.369364738464355
2024-08-17 13:00:00,12.41987419128418
2024-08-17 14:00:00,10.88184928894043
2024-08-17 15:00:00,9.500308990478516
2024-08-17 16:00:00,8.458802223205566
2024-08-17 17:00:00,3.128263235092163
2024-08-17 18:00:00,0.09565788507461548
2024-08-17 19:00:00,-0.02425837516784668
2024-08-17 20:00:00,0.00854271650314331
2024-08-17 21:00:00,0.012824147939682007
2024-08-17 22:00:00,0.009138286113739014
2024-08-17 23:00:00,-0.005850493907928467
2024-08-18 00:00:00,-0.058432549238204956
2024-08-18 01:00:00,-0.041881412267684937
2024-08-18 02:00:00,0.057085394859313965
2024-08-18 03:00:00,0.0271359384059906
2024-08-18 04:00:00,0.2274174988269806
2024-08-18 05:00:00,0.7565475106239319
2024-08-18 06:00:00,2.167325019836426
2024-08-18 07:00:00,3.596212387084961
2024-08-18 08:00:00,11.833240509033203
2024-08-18 09:00:00,14.617530822753906
2024-08-18 10:00:00,17.26235580444336
2024-08-18 11:00:00,18.18478775024414
2024-08-18 12:00:00,18.57896614074707
2024-08-18 13:00:00,18.503538131713867
2024-08-18 14:00:00,18.098814010620117
2024-08-18 15:00:00,17.70956802368164
2024-08-18 16:00:00,14.813154220581055
2024-08-18 17:00:00,7.826263904571533
2024-08-18 18:00:00,0.42701101303100586
2024-08-18 19:00:00,-0.1328772008419037
2024-08-18 20:00:00,0.046611011028289795
2024-08-18 21:00:00,-0.008738338947296143
2024-08-18 22:00:00,-0.04961901903152466
2024-08-18 23:00:00,-0.08899152278900146
2024-08-19 00:00:00,-0.1088990569114685
2024-08-19 01:00:00,-0.07378658652305603
2024-08-19 02:00:00,-0.024473607540130615
2024-08-19 03:00:00,-0.017245471477508545
2024-08-19 04:00:00,0.07778307795524597
2024-08-19 05:00:00,0.21344704926013947
2024-08-19 06:00:00,0.7284814715385437
2024-08-19 07:00:00,2.283092975616455
2024-08-19 08:00:00,12.101102828979492
2024-08-19 09:00:00,15.062759399414062
2024-08-19 10:00:00,17.558900833129883
2024-08-19 11:00:00,17.91764259338379
2024-08-19 12:00:00,18.354717254638672
2024-08-19 13:00:00,18.190309524536133
2024-08-19 14:00:00,18.070558547973633
2024-08-19 15:00:00,17.48932456970215
2024-08-19 16:00:00,14.279186248779297
2024-08-19 17:00:00,6.59904146194458
2024-08-19 18:00:00,0.8051026463508606
2024-08-19 19:00:00,-0.06395769119262695
2024-08-19 20:00:00,0.04154658317565918
2024-08-19 21:00:00,0.016606509685516357
2024-08-19 22:00:00,-0.03870779275894165
2024-08-19 23:00:00,-0.061110347509384155
2024-08-20 00:00:00,-0.08421477675437927
2024-08-20 01:00:00,-0.100494384765625
2024-08-20 02:00:00,-0.036706775426864624
2024-08-20 03:00:00,-0.08610835671424866
2024-08-20 04:00:00,0.08102387189865112
2024-08-20 05:00:00,0.2995162010192871
2024-08-20 06:00:00,2.32511043548584
2024-08-20 07:00:00,1.644740343093872
2024-08-20 08:00:00,12.912330627441406
2024-08-20 09:00:00,15.622529029846191
2024-08-20 10:00:00,17.746217727661133
2024-08-20 11:00:00,18.720603942871094
2024-08-20 12:00:00,19.03053092956543
2024-08-20 13:00:00,19.258255004882812
2024-08-20 14:00:00,18.911550521850586
2024-08-20 15:00:00,18.077178955078125
2024-08-20 16:00:00,14.453245162963867
2024-08-20 17:00:00,5.74429988861084
2024-08-20 18:00:00,0.029754042625427246
2024-08-20 19:00:00,0.08641976118087769
2024-08-20 20:00:00,0.056671470403671265
2024-08-20 21:00:00,0.031046301126480103
2024-08-20 22:00:00,0.05745738744735718
2024-08-20 23:00:00,0.035482823848724365
2024-08-21 00:00:00,0.008957743644714355
2024-08-21 01:00:00,0.09303721785545349
2024-08-21 02:00:00,-0.053146570920944214
2024-08-21 03:00:00,-0.2564557194709778
2024-08-21 04:00:00,-0.05633413791656494
2024-08-21 05:00:00,0.24170410633087158
2024-08-21 06:00:00,0.4534875750541687
2024-08-21 07:00:00,1.0398283004760742
2024-08-21 08:00:00,10.621845245361328
2024-08-21 09:00:00,13.391437530517578
2024-08-21 10:00:00,17.225181579589844
2024-08-21 11:00:00,18.708148956298828
2024-08-21 12:00:00,19.06797218322754
2024-08-21 13:00:00,19.558101654052734
2024-08-21 14:00:00,19.535985946655273
2024-08-21 15:00:00,18.453411102294922
2024-08-21 16:00:00,14.420969009399414
2024-08-21 17:00:00,7.051190376281738
2024-08-21 18:00:00,0.24053344130516052
2024-08-21 19:00:00,0.1548352837562561
2024-08-21 20:00:00,0.021209657192230225
2024-08-21 21:00:00,-0.018500685691833496
2024-08-21 22:00:00,-0.035481542348861694
2024-08-21 23:00:00,-0.06706508994102478
2024-08-22 00:00:00,-0.07875952124595642
2024-08-22 01:00:00,0.17767813801765442
2024-08-22 02:00:00,0.16010749340057373
2024-08-22 03:00:00,0.09917889535427094
2024-08-22 04:00:00,0.17420601844787598
2024-08-22 05:00:00,-0.051448285579681396
2024-08-22 06:00:00,0.1719123125076294
2024-08-22 07:00:00,1.1769942045211792
2024-08-22 08:00:00,11.471370697021484
2024-08-22 09:00:00,13.536017417907715
2024-08-22 10:00:00,17.4995174407959
2024-08-22 11:00:00,18.778099060058594
2024-08-22 12:00:00,19.0307559967041
2024-08-22 13:00:00,19.45054817199707
2024-08-22 14:00:00,19.114145278930664
2024-08-22 15:00:00,18.042299270629883
2024-08-22 16:00:00,14.19071102142334
2024-08-22 17:00:00,6.338918685913086
2024-08-22 18:00:00,1.0105581283569336
2024-08-22 19:00:00,0.11596047878265381
2024-08-22 20:00:00,-0.017913252115249634
2024-08-22 21:00:00,-0.00818568468093872
2024-08-22 22:00:00,-0.0402778685092926
2024-08-22 23:00:00,-0.12213224172592163
2024-08-23 00:00:00,-0.1674025058746338
2024-08-23 01:00:00,-0.19940927624702454
2024-08-23 02:00:00,-0.2106083631515503
2024-08-23 03:00:00,-0.12971681356430054
2024-08-23 04:00:00,-0.06489649415016174
2024-08-23 05:00:00,-0.002998054027557373
2024-08-23 06:00:00,0.06740361452102661
2024-08-23 07:00:00,0.30890610814094543
2024-08-23 08:00:00,2.512944221496582
2024-08-23 09:00:00,12.071269989013672
2024-08-23 10:00:00,16.89252471923828
2024-08-23 11:00:00,18.935386657714844
2024-08-23 12:00:00,19.103107452392578
2024-08-23 13:00:00,19.13625144958496
2024-08-23 14:00:00,18.518770217895508
2024-08-23 15:00:00,17.576650619506836
2024-08-23 16:00:00,12.658449172973633
2024-08-23 17:00:00,2.808727741241455
2024-08-23 18:00:00,0.2338671088218689
2024-08-23 19:00:00,0.012549102306365967
2024-08-23 20:00:00,-0.03417021036148071
2024-08-23 21:00:00,-0.10243839025497437
2024-08-23 22:00:00,-0.15402007102966309
2024-08-23 23:00:00,-0.158043771982193
2024-08-24 00:00:00,-0.09682810306549072
2024-08-24 01:00:00,-0.011097431182861328
2024-08-24 02:00:00,0.07786360383033752
2024-08-24 03:00:00,0.07684440910816193
2024-08-24 04:00:00,-0.19219842553138733
2024-08-24 05:00:00,0.011650815606117249
2024-08-24 06:00:00,1.0636647939682007
2024-08-24 07:00:00,1.7677528858184814
2024-08-24 08:00:00,12.79832649230957
2024-08-24 09:00:00,14.164973258972168
2024-08-24 10:00:00,17.475465774536133
2024-08-24 11:00:00,18.33770751953125
2024-08-24 12:00:00,18.60063362121582
2024-08-24 13:00:00,18.806777954101562
2024-08-24 14:00:00,18.563047409057617
2024-08-24 15:00:00,18.2213077545166
2024-08-24 16:00:00,15.632538795471191
2024-08-24 17:00:00,5.677818775177002
2024-08-24 18:00:00,0.13694855570793152
2024-08-24 19:00:00,-0.009522885084152222
2024-08-24 20:00:00,-0.06749749183654785
2024-08-24 21:00:00,-0.0754501223564148
2024-08-24 22:00:00,-0.1107054352760315
2024-08-24 23:00:00,-0.12894243001937866
2024-08-25 00:00:00,-0.08795562386512756
2024-08-25 01:00:00,-0.03052133321762085
2024-08-25 02:00:00,0.09435385465621948
2024-08-25 03:00:00,0.12190228700637817
2024-08-25 04:00:00,-0.17141300439834595
2024-08-25 05:00:00,-0.15332552790641785
2024-08-25 06:00:00,0.964698851108551
2024-08-25 07:00:00,2.4683687686920166
2024-08-25 08:00:00,12.641687393188477
2024-08-25 09:00:00,14.606761932373047
2024-08-25 10:00:00,17.04692268371582
2024-08-25 11:00:00,18.125747680664062
2024-08-25 12:00:00,18.41992950439453
2024-08-25 13:00:00,18.51412010192871
2024-08-25 14:00:00,18.169689178466797
2024-08-25 15:00:00,17.711416244506836
2024-08-25 16:00:00,14.869697570800781
2024-08-25 17:00:00,5.784368991851807
2024-08-25 18:00:00,0.3519684374332428
2024-08-25 19:00:00,-0.05136752128601074
2024-08-25 20:00:00,-0.03411144018173218
2024-08-25 21:00:00,-0.017851054668426514
2024-08-25 22:00:00,-0.07185465097427368
2024-08-25 23:00:00,-0.11440706253051758
2024-08-26 00:00:00,-0.08402886986732483
2024-08-26 01:00:00,-0.023687660694122314
2024-08-26 02:00:00,0.08004829287528992
2024-08-26 03:00:00,0.08799207210540771
2024-08-26 04:00:00,-0.06952714920043945
2024-08-26 05:00:00,0.4451107084751129
2024-08-26 06:00:00,0.6683069467544556
2024-08-26 07:00:00,2.7370941638946533
2024-08-26 08:00:00,11.201953887939453
2024-08-26 09:00:00,13.837146759033203
2024-08-26 10:00:00,16.725229263305664
2024-08-26 11:00:00,18.17854881286621
2024-08-26 12:00:00,18.339750289916992
2024-08-26 13:00:00,18.469900131225586
2024-08-26 14:00:00,18.239118576049805
2024-08-26 15:00:00,16.787527084350586
2024-08-26 16:00:00,11.213875770568848
2024-08-26 17:00:00,4.5380706787109375
2024-08-26 18:00:00,0.6012571454048157
2024-08-26 19:00:00,-0.03623703122138977
2024-08-26 20:00:00,5.7131052017211914e-05
2024-08-26 21:00:00,-0.040928781032562256
2024-08-26 22:00:00,-0.056139200925827026
2024-08-26 23:00:00,-0.042786359786987305
2024-08-27 00:00:00,-0.002737671136856079
2024-08-27 01:00:00,0.09319210052490234
2024-08-27 02:00:00,0.07723668217658997
2024-08-27 03:00:00,-0.06937232613563538
2024-08-27 04:00:00,0.7122691869735718
2024-08-27 05:00:00,0.9393542408943176
2024-08-27 06:00:00,1.0728189945220947
2024-08-27 07:00:00,2.4144580364227295
2024-08-27 08:00:00,12.983223915100098
2024-08-27 09:00:00,15.899707794189453
2024-08-27 10:00:00,17.704931259155273
2024-08-27 11:00:00,18.71115493774414
2024-08-27 12:00:00,18.88242530822754
2024-08-27 13:00:00,18.611406326293945
2024-08-27 14:00:00,18.056726455688477
2024-08-27 15:00:00,17.39657974243164
2024-08-27 16:00:00,12.924432754516602
2024-08-27 17:00:00,5.554359436035156
2024-08-27 18:00:00,0.4797362685203552
2024-08-27 19:00:00,0.08060330152511597
2024-08-27 20:00:00,0.06631648540496826
2024-08-27 21:00:00,-0.005428314208984375
2024-08-27 22:00:00,-0.04367905855178833
2024-08-27 23:00:00,-0.049398720264434814
2024-08-28 00:00:00,-0.012801051139831543
2024-08-28 01:00:00,0.08785435557365417
2024-08-28 02:00:00,0.27787405252456665
2024-08-28 03:00:00,-0.15391266345977783
2024-08-28 04:00:00,0.19285224378108978
2024-08-28 05:00:00,1.8810670375823975
2024-08-28 06:00:00,2.9337143898010254
2024-08-28 07:00:00,1.7853422164916992
2024-08-28 08:00:00,13.503453254699707
2024-08-28 09:00:00,16.170143127441406
2024-08-28 10:00:00,18.001964569091797
2024-08-28 11:00:00,18.713102340698242
2024-08-28 12:00:00,18.735139846801758
2024-08-28 13:00:00,18.768335342407227
2024-08-28 14:00:00,18.399288177490234
2024-08-28 15:00:00,17.786392211914062
2024-08-28 16:00:00,14.221940040588379
2024-08-28 17:00:00,6.409660816192627
2024-08-28 18:00:00,0.8742879033088684
2024-08-28 19:00:00,0.04912954568862915
2024-08-28 20:00:00,0.042741239070892334
2024-08-28 21:00:00,-0.03217756748199463
2024-08-28 22:00:00,-0.04618102312088013
2024-08-28 23:00:00,-0.040815770626068115
2024-08-29 00:00:00,-0.012009918689727783
2024-08-29 01:00:00,0.06957346200942993
2024-08-29 02:00:00,0.12909191846847534
2024-08-29 03:00:00,0.14899328351020813
2024-08-29 04:00:00,0.7366641759872437
2024-08-29 05:00:00,2.2874538898468018
2024-08-29 06:00:00,0.7726834416389465
2024-08-29 07:00:00,5.250170707702637
2024-08-29 08:00:00,12.868517875671387
2024-08-29 09:00:00,16.719974517822266
2024-08-29 10:00:00,18.433086395263672
2024-08-29 11:00:00,18.80630874633789
2024-08-29 12:00:00,19.231674194335938
2024-08-29 13:00:00,19.291120529174805
2024-08-29 14:00:00,18.558731079101562
2024-08-29 15:00:00,17.572145462036133
2024-08-29 16:00:00,14.151239395141602
2024-08-29 17:00:00,5.56581974029541
2024-08-29 18:00:00,0.7540587782859802
2024-08-29 19:00:00,-0.05178609490394592
2024-08-29 20:00:00,0.02478659152984619
2024-08-29 21:00:00,0.03847229480743408
2024-08-29 22:00:00,0.019853860139846802
2024-08-29 23:00:00,-0.010549187660217285
2024-08-30 00:00:00,-0.002614438533782959
2024-08-30 01:00:00,0.0051604509353637695
2024-08-30 02:00:00,-0.10630321502685547
2024-08-30 03:00:00,-0.19845697283744812
2024-08-30 04:00:00,0.37915924191474915
2024-08-30 05:00:00,3.0335946083068848
2024-08-30 06:00:00,2.6846938133239746
2024-08-30 07:00:00,2.850588798522949
2024-08-30 08:00:00,8.483299255371094
2024-08-30 09:00:00,14.452346801757812
2024-08-30 10:00:00,16.850175857543945
2024-08-30 11:00:00,18.44915199279785
2024-08-30 12:00:00,18.06332015991211
2024-08-30 13:00:00,16.98470115661621
2024-08-30 14:00:00,15.59443473815918
2024-08-30 15:00:00,13.86474609375
2024-08-30 16:00:00,10.839651107788086
2024-08-30 17:00:00,4.558561325073242
2024-08-30 18:00:00,0.8585978746414185
2024-08-30 19:00:00,0.1882815957069397
2024-08-30 20:00:00,0.019461989402770996
2024-08-30 21:00:00,0.013002783060073853
2024-08-30 22:00:00,-0.023131191730499268
2024-08-30 23:00:00,-0.038598090410232544
2024-08-31 00:00:00,0.022641301155090332
2024-08-31 01:00:00,0.0396350622177124
2024-08-31 02:00:00,0.08706524968147278
2024-08-31 03:00:00,0.10147219896316528
2024-08-31 04:00:00,0.09024572372436523
2024-08-31 05:00:00,3.581688165664673
2024-08-31 06:00:00,1.1022995710372925
2024-08-31 07:00:00,6.536926746368408
2024-08-31 08:00:00,13.475658416748047
2024-08-31 09:00:00,16.97694969177246
2024-08-31 10:00:00,18.545486450195312
2024-08-31 11:00:00,19.28368377685547
2024-08-31 12:00:00,19.435935974121094
2024-08-31 13:00:00,19.097902297973633
2024-08-31 14:00:00,18.45502281188965
2024-08-31 15:00:00,17.261343002319336
2024-08-31 16:00:00,15.491415023803711
2024-08-31 17:00:00,9.016952514648438
2024-08-31 18:00:00,0.6737649440765381
2024-08-31 19:00:00,-0.02161729335784912
2024-08-31 20:00:00,-0.004132181406021118
2024-08-31 21:00:00,0.015166223049163818
2024-08-31 22:00:00,-0.012310624122619629
2024-08-31 23:00:00,-0.03811892867088318
2024-09-01 00:00:00,-0.011218905448913574
2024-09-01 01:00:00,-0.007205367088317871
2024-09-01 02:00:00,0.0469839870929718
2024-09-01 03:00:00,0.03279566764831543
2024-09-01 04:00:00,-0.015658318996429443
2024-09-01 05:00:00,0.08321624994277954
2024-09-01 06:00:00,0.8544127345085144
2024-09-01 07:00:00,4.638612270355225
2024-09-01 08:00:00,14.31103229522705
2024-09-01 09:00:00,17.078428268432617
2024-09-01 10:00:00,18.283252716064453
2024-09-01 11:00:00,19.299427032470703
2024-09-01 12:00:00,19.832366943359375
2024-09-01 13:00:00,19.502222061157227
2024-09-01 14:00:00,18.9537410736084
2024-09-01 15:00:00,17.50049591064453
2024-09-01 16:00:00,15.23051929473877
2024-09-01 17:00:00,11.483844757080078
2024-09-01 18:00:00,1.9251301288604736
2024-09-01 19:00:00,0.03281283378601074
2024-09-01 20:00:00,-0.02259621024131775
2024-09-01 21:00:00,0.03597298264503479
2024-09-01 22:00:00,0.017609477043151855
2024-09-01 23:00:00,0.008385121822357178
2024-09-02 00:00:00,0.025191187858581543
2024-09-02 01:00:00,0.08271560072898865
2024-09-02 02:00:00,0.11512017250061035
2024-09-02 03:00:00,0.07525992393493652
2024-09-02 04:00:00,0.26947760581970215
2024-09-02 05:00:00,3.6716971397399902
2024-09-02 06:00:00,2.4761953353881836
2024-09-02 07:00:00,4.853614807128906
2024-09-02 08:00:00,13.99410629272461
2024-09-02 09:00:00,17.995742797851562
2024-09-02 10:00:00,19.512357711791992
2024-09-02 11:00:00,19.77559471130371
2024-09-02 12:00:00,19.825891494750977
2024-09-02 13:00:00,19.463577270507812
2024-09-02 14:00:00,18.16520881652832
2024-09-02 15:00:00,16.6033878326416
2024-09-02 16:00:00,14.044023513793945
2024-09-02 17:00:00,7.300941467285156
2024-09-02 18:00:00,1.0352487564086914
2024-09-02 19:00:00,0.07487910985946655
2024-09-02 20:00:00,0.0731731653213501
2024-09-02 21:00:00,0.0389428436756134
2024-09-02 22:00:00,0.07197171449661255
2024-09-02 23:00:00,0.04460909962654114
2024-09-03 00:00:00,0.013425379991531372
2024-09-03 01:00:00,-0.00014919042587280273
2024-09-03 02:00:00,0.013630867004394531
2024-09-03 03:00:00,0.08573701977729797
2024-09-03 04:00:00,0.022203028202056885
2024-09-03 05:00:00,0.37566304206848145
2024-09-03 06:00:00,1.4388811588287354
2024-09-03 07:00:00,7.194308280944824
2024-09-03 08:00:00,13.475296974182129
2024-09-03 09:00:00,17.378856658935547
2024-09-03 10:00:00,18.54445457458496
2024-09-03 11:00:00,19.524194717407227
2024-09-03 12:00:00,19.178424835205078
2024-09-03 13:00:00,19.424610137939453
2024-09-03 14:00:00,18.464719772338867
2024-09-03 15:00:00,16.595016479492188
2024-09-03 16:00:00,13.890644073486328
2024-09-03 17:00:00,8.345412254333496
2024-09-03 18:00:00,1.6231470108032227
2024-09-03 19:00:00,-0.09059035778045654
2024-09-03 20:00:00,-0.012674838304519653
2024-09-03 21:00:00,0.014521688222885132
2024-09-03 22:00:00,-0.008577853441238403
2024-09-03 23:00:00,0.0008619427680969238
2024-09-04 00:00:00,0.05495902895927429
2024-09-04 01:00:00,-0.0408862829208374
2024-09-04 02:00:00,-0.15728095173835754
2024-09-04 03:00:00,-0.22047734260559082
2024-09-04 04:00:00,-0.2557915449142456
2024-09-04 05:00:00,0.06390342116355896
2024-09-04 06:00:00,0.49681782722473145
2024-09-04 07:00:00,9.005889892578125
2024-09-04 08:00:00,15.364248275756836
2024-09-04 09:00:00,18.219568252563477
2024-09-04 10:00:00,19.044458389282227
2024-09-04 11:00:00,19.058427810668945
2024-09-04 12:00:00,18.3118896484375
2024-09-04 13:00:00,18.122875213623047
2024-09-04 14:00:00,16.585769653320312
2024-09-04 15:00:00,14.715600967407227
2024-09-04 16:00:00,10.062152862548828
2024-09-04 17:00:00,3.731962203979492
2024-09-04 18:00:00,0.7610563635826111
2024-09-04 19:00:00,0.19344013929367065
2024-09-04 20:00:00,0.07375718653202057
2024-09-04 21:00:00,0.008642375469207764
2024-09-04 22:00:00,0.0021222084760665894
2024-09-04 23:00:00,-0.027208685874938965
2024-09-05 00:00:00,-0.020809680223464966
2024-09-05 01:00:00,0.0141848623752594
2024-09-05 02:00:00,0.06989812850952148
2024-09-05 03:00:00,0.2341156303882599
2024-09-05 04:00:00,-0.13571512699127197
2024-09-05 05:00:00,1.795114278793335
2024-09-05 06:00:00,1.2759928703308105
2024-09-05 07:00:00,3.174020767211914
2024-09-05 08:00:00,12.080806732177734
2024-09-05 09:00:00,12.255986213684082
2024-09-05 10:00:00,13.21922492980957
2024-09-05 11:00:00,15.15417766571045
2024-09-05 12:00:00,17.366724014282227
2024-09-05 13:00:00,18.358259201049805
2024-09-05 14:00:00,17.579660415649414
2024-09-05 15:00:00,16.1133975982666
2024-09-05 16:00:00,13.932880401611328
2024-09-05 17:00:00,8.269407272338867
2024-09-05 18:00:00,1.4796316623687744
2024-09-05 19:00:00,0.09473410248756409
2024-09-05 20:00:00,0.0461256206035614
2024-09-05 21:00:00,0.015820801258087158
2024-09-05 22:00:00,-0.000633537769317627
2024-09-05 23:00:00,-0.02669757604598999
2024-09-06 00:00:00,-0.034069061279296875
2024-09-06 01:00:00,-0.007405877113342285
2024-09-06 02:00:00,-0.0012090206146240234
2024-09-06 03:00:00,0.023518919944763184
2024-09-06 04:00:00,-0.018644988536834717
2024-09-06 05:00:00,1.6633973121643066
2024-09-06 06:00:00,1.8567273616790771
2024-09-06 07:00:00,5.6105570793151855
2024-09-06 08:00:00,12.048734664916992
2024-09-06 09:00:00,10.84738826751709
2024-09-06 10:00:00,12.340446472167969
2024-09-06 11:00:00,13.923595428466797
2024-09-06 12:00:00,14.581558227539062
2024-09-06 13:00:00,16.978792190551758
2024-09-06 14:00:00,17.39362907409668
2024-09-06 15:00:00,16.678417205810547
2024-09-06 16:00:00,15.379453659057617
2024-09-06 17:00:00,10.706767082214355
2024-09-06 18:00:00,3.8073389530181885
2024-09-06 19:00:00,-0.02892524003982544
2024-09-06 20:00:00,-0.03194993734359741
2024-09-06 21:00:00,0.02666771411895752
2024-09-06 22:00:00,0.02775190770626068
2024-09-06 23:00:00,0.0020014047622680664
2024-09-07 00:00:00,0.012328535318374634
2024-09-07 01:00:00,0.043561339378356934
2024-09-07 02:00:00,0.0968552827835083
2024-09-07 03:00:00,0.11032277345657349
2024-09-07 04:00:00,0.22612497210502625
2024-09-07 05:00:00,1.935772180557251
2024-09-07 06:00:00,2.0899462699890137
2024-09-07 07:00:00,9.126145362854004
2024-09-07 08:00:00,13.294386863708496
2024-09-07 09:00:00,17.014902114868164
2024-09-07 10:00:00,18.242801666259766
2024-09-07 11:00:00,19.46938133239746
2024-09-07 12:00:00,19.567764282226562
2024-09-07 13:00:00,18.919815063476562
2024-09-07 14:00:00,18.05314064025879
2024-09-07 15:00:00,16.557146072387695
2024-09-07 16:00:00,15.019920349121094
2024-09-07 17:00:00,8.961570739746094
2024-09-07 18:00:00,1.376434326171875
2024-09-07 19:00:00,0.02856677770614624
2024-09-07 20:00:00,-0.054206788539886475
2024-09-07 21:00:00,0.0067449212074279785
2024-09-07 22:00:00,0.016726523637771606
2024-09-07 23:00:00,-0.006550610065460205
2024-09-08 00:00:00,-0.01539987325668335
2024-09-08 01:00:00,0.007355183362960815
2024-09-08 02:00:00,0.09446167945861816
2024-09-08 03:00:00,0.05684921145439148
2024-09-08 04:00:00,0.06164059042930603
2024-09-08 05:00:00,1.1199822425842285
2024-09-08 06:00:00,3.501133680343628
2024-09-08 07:00:00,5.659697532653809
2024-09-08 08:00:00,14.07657527923584
2024-09-08 09:00:00,17.852174758911133
2024-09-08 10:00:00,18.949880599975586
2024-09-08 11:00:00,19.3240909576416
2024-09-08 12:00:00,19.354276657104492
2024-09-08 13:00:00,18.981882095336914
2024-09-08 14:00:00,17.868568420410156
2024-09-08 15:00:00,16.196332931518555
2024-09-08 16:00:00,13.388433456420898
2024-09-08 17:00:00,7.566117763519287
2024-09-08 18:00:00,1.2994301319122314
2024-09-08 19:00:00,-0.11931717395782471
2024-09-08 20:00:00,-0.01246631145477295
2024-09-08 21:00:00,0.0003663301467895508
2024-09-08 22:00:00,0.010719195008277893
2024-09-08 23:00:00,-0.06340146064758301
2024-09-09 00:00:00,-0.031131595373153687
2024-09-09 01:00:00,0.012219250202178955
2024-09-09 02:00:00,0.08487844467163086
2024-09-09 03:00:00,0.12225973606109619
2024-09-09 04:00:00,0.02293330430984497
2024-09-09 05:00:00,0.6527319550514221
2024-09-09 06:00:00,2.544212579727173
2024-09-09 07:00:00,6.358542442321777
2024-09-09 08:00:00,12.961051940917969
2024-09-09 09:00:00,17.28778076171875
2024-09-09 10:00:00,18.312986373901367
2024-09-09 11:00:00,18.695592880249023
2024-09-09 12:00:00,18.843645095825195
2024-09-09 13:00:00,18.690080642700195
2024-09-09 14:00:00,18.0753116607666
2024-09-09 15:00:00,16.551958084106445
2024-09-09 16:00:00,13.441510200500488
2024-09-09 17:00:00,6.36222505569458
2024-09-09 18:00:00,0.9489817023277283
2024-09-09 19:00:00,0.008726567029953003
2024-09-09 20:00:00,-0.02271944284439087
2024-09-09 21:00:00,0.028232961893081665
2024-09-09 22:00:00,0.04880315065383911
2024-09-09 23:00:00,-0.00045427680015563965
2024-09-10 00:00:00,-0.04425704479217529
2024-09-10 01:00:00,-0.016784638166427612
2024-09-10 02:00:00,0.04617512226104736
2024-09-10 03:00:00,0.041718512773513794
2024-09-10 04:00:00,-0.07281413674354553
2024-09-10 05:00:00,0.9285866618156433
2024-09-10 06:00:00,2.6021246910095215
2024-09-10 07:00:00,3.8713631629943848
2024-09-10 08:00:00,15.027202606201172
2024-09-10 09:00:00,16.96227264404297
2024-09-10 10:00:00,17.952831268310547
2024-09-10 11:00:00,18.626672744750977
2024-09-10 12:00:00,18.598806381225586
2024-09-10 13:00:00,17.908884048461914
2024-09-10 14:00:00,17.392765045166016
2024-09-10 15:00:00,15.35530948638916
2024-09-10 16:00:00,12.814288139343262
2024-09-10 17:00:00,6.490549087524414
2024-09-10 18:00:00,0.7370761632919312
2024-09-10 19:00:00,0.27403974533081055
2024-09-10 20:00:00,0.11187282204627991
2024-09-10 21:00:00,0.015785694122314453
2024-09-10 22:00:00,-0.009015023708343506
2024-09-10 23:00:00,-0.04769158363342285
2024-09-11 00:00:00,-0.09269922971725464
2024-09-11 01:00:00,-0.0038052797317504883
2024-09-11 02:00:00,0.06270360946655273
2024-09-11 03:00:00,0.14095532894134521
2024-09-11 04:00:00,0.09408411383628845
2024-09-11 05:00:00,0.06634217500686646
2024-09-11 06:00:00,1.0349116325378418
2024-09-11 07:00:00,3.8552000522613525
2024-09-11 08:00:00,14.922526359558105
2024-09-11 09:00:00,16.37553596496582
2024-09-11 10:00:00,18.90230369567871
2024-09-11 11:00:00,19.626800537109375
2024-09-11 12:00:00,19.95903968811035
2024-09-11 13:00:00,19.51605796813965
2024-09-11 14:00:00,18.632644653320312
2024-09-11 15:00:00,17.37422752380371
2024-09-11 16:00:00,15.392889022827148
2024-09-11 17:00:00,8.613149642944336
2024-09-11 18:00:00,1.2077410221099854
2024-09-11 19:00:00,-0.048262178897857666
2024-09-11 20:00:00,-0.0615462064743042
2024-09-11 21:00:00,-0.002242565155029297
2024-09-11 22:00:00,-0.008721411228179932
2024-09-11 23:00:00,-0.055086493492126465
2024-09-12 00:00:00,-0.10208094120025635
2024-09-12 01:00:00,-0.09288355708122253
2024-09-12 02:00:00,-0.01977241039276123
2024-09-12 03:00:00,0.01807481050491333
2024-09-12 04:00:00,0.047602683305740356
2024-09-12 05:00:00,-0.005553215742111206
2024-09-12 06:00:00,0.7839571833610535
2024-09-12 07:00:00,2.8789470195770264
2024-09-12 08:00:00,14.142843246459961
2024-09-12 09:00:00,17.539812088012695
2024-09-12 10:00:00,18.440610885620117
2024-09-12 11:00:00,19.28920555114746
2024-09-12 12:00:00,18.802255630493164
2024-09-12 13:00:00,18.714370727539062
2024-09-12 14:00:00,17.783706665039062
2024-09-12 15:00:00,16.857038497924805
2024-09-12 16:00:00,15.413339614868164
2024-09-12 17:00:00,10.748420715332031
2024-09-12 18:00:00,1.8458306789398193
2024-09-12 19:00:00,0.04236805438995361
2024-09-12 20:00:00,0.031912773847579956
2024-09-12 21:00:00,0.018897444009780884
2024-09-12 22:00:00,0.023740708827972412
2024-09-12 23:00:00,-3.808736801147461e-05
2024-09-13 00:00:00,-0.02318650484085083
2024-09-13 01:00:00,-0.027565747499465942
2024-09-13 02:00:00,0.02413061261177063
2024-09-13 03:00:00,0.08769458532333374
2024-09-13 04:00:00,0.11309430003166199
2024-09-13 05:00:00,0.6437132358551025
2024-09-13 06:00:00,2.1044607162475586
2024-09-13 07:00:00,6.157349586486816
2024-09-13 08:00:00,14.50678825378418
2024-09-13 09:00:00,17.455642700195312
2024-09-13 10:00:00,18.24723243713379
2024-09-13 11:00:00,18.9085693359375
2024-09-13 12:00:00,18.17417335510254
2024-09-13 13:00:00,18.4903507232666
2024-09-13 14:00:00,17.875553131103516
2024-09-13 15:00:00,16.477785110473633
2024-09-13 16:00:00,14.800249099731445
2024-09-13 17:00:00,12.54256820678711
2024-09-13 18:00:00,3.6550800800323486
2024-09-13 19:00:00,-0.1032152771949768
2024-09-13 20:00:00,0.2064531147480011
2024-09-13 21:00:00,0.146825909614563
2024-09-13 22:00:00,0.08547025918960571
2024-09-13 23:00:00,0.033586740493774414
2024-09-14 00:00:00,-0.009481966495513916
2024-09-14 01:00:00,0.017889350652694702
2024-09-14 02:00:00,0.013284623622894287
2024-09-14 03:00:00,0.09459879994392395
2024-09-14 04:00:00,0.1092182993888855
2024-09-14 05:00:00,0.4359101951122284
2024-09-14 06:00:00,1.6870965957641602
2024-09-14 07:00:00,13.426854133605957
2024-09-14 08:00:00,15.356419563293457
2024-09-14 09:00:00,18.204269409179688
2024-09-14 10:00:00,18.4686336517334
2024-09-14 11:00:00,18.56803321838379
2024-09-14 12:00:00,18.77241325378418
2024-09-14 13:00:00,18.2030029296875
2024-09-14 14:00:00,17.321399688720703
2024-09-14 15:00:00,15.685714721679688
2024-09-14 16:00:00,13.952369689941406
2024-09-14 17:00:00,7.851485729217529
2024-09-14 18:00:00,2.1701834201812744
2024-09-14 19:00:00,0.24144068360328674
2024-09-14 20:00:00,0.21178686618804932
2024-09-14 21:00:00,0.0913739949464798
2024-09-14 22:00:00,0.02957180142402649
2024-09-14 23:00:00,0.05726930499076843
2024-09-15 00:00:00,-0.006516456604003906
2024-09-15 01:00:00,-0.042118072509765625
2024-09-15 02:00:00,-0.05345785617828369
2024-09-15 03:00:00,0.022612333297729492
2024-09-15 04:00:00,-0.018447786569595337
2024-09-15 05:00:00,-0.06445649266242981
2024-09-15 06:00:00,0.5307986736297607
2024-09-15 07:00:00,5.968224048614502
2024-09-15 08:00:00,18.035634994506836
2024-09-15 09:00:00,19.132909774780273
2024-09-15 10:00:00,19.858074188232422
2024-09-15 11:00:00,17.5954647064209
2024-09-15 12:00:00,18.280134201049805
2024-09-15 13:00:00,18.020124435424805
2024-09-15 14:00:00,16.884172439575195
2024-09-15 15:00:00,15.38062572479248
2024-09-15 16:00:00,13.303837776184082
2024-09-15 17:00:00,6.516849040985107
2024-09-15 18:00:00,1.6474316120147705
2024-09-15 19:00:00,-0.012200742959976196
2024-09-15 20:00:00,0.30730950832366943
2024-09-15 21:00:00,0.014812350273132324
2024-09-15 22:00:00,0.07924014329910278
2024-09-15 23:00:00,0.0381237268447876
2024-09-16 00:00:00,-0.005999267101287842
2024-09-16 01:00:00,-0.025228917598724365
2024-09-16 02:00:00,-0.03140074014663696
2024-09-16 03:00:00,-0.007501482963562012
2024-09-16 04:00:00,-0.12900400161743164
2024-09-16 05:00:00,-0.12447857856750488
2024-09-16 06:00:00,0.07883793115615845
2024-09-16 07:00:00,4.820373058319092
2024-09-16 08:00:00,14.843673706054688
2024-09-16 09:00:00,18.698637008666992
2024-09-16 10:00:00,19.810426712036133
2024-09-16 11:00:00,19.89643669128418
2024-09-16 12:00:00,19.82563591003418
2024-09-16 13:00:00,19.239011764526367
2024-09-16 14:00:00,18.34408187866211
2024-09-16 15:00:00,17.37000846862793
2024-09-16 16:00:00,16.11114501953125
2024-09-16 17:00:00,11.018922805786133
2024-09-16 18:00:00,1.8651740550994873
2024-09-16 19:00:00,-0.04649794101715088
2024-09-16 20:00:00,0.0805467963218689
2024-09-16 21:00:00,0.01941925287246704
2024-09-16 22:00:00,0.08931130170822144
2024-09-16 23:00:00,0.02851167321205139
2024-09-17 00:00:00,-0.022685527801513672
2024-09-17 01:00:00,-0.004201531410217285
2024-09-17 02:00:00,0.0368802547454834
2024-09-17 03:00:00,0.125342458486557
2024-09-17 04:00:00,0.03293329477310181
2024-09-17 05:00:00,0.39355117082595825
2024-09-17 06:00:00,1.3656857013702393
2024-09-17 07:00:00,6.1984543800354
2024-09-17 08:00:00,16.0180606842041
2024-09-17 09:00:00,18.617116928100586
2024-09-17 10:00:00,19.315481185913086
2024-09-17 11:00:00,19.567886352539062
2024-09-17 12:00:00,19.436277389526367
2024-09-17 13:00:00,18.94658660888672
2024-09-17 14:00:00,17.535633087158203
2024-09-17 15:00:00,15.758078575134277
2024-09-17 16:00:00,13.496826171875
2024-09-17 17:00:00,5.233489513397217
2024-09-17 18:00:00,-0.06519767642021179
2024-09-17 19:00:00,0.14475587010383606
2024-09-17 20:00:00,0.01317325234413147
2024-09-17 21:00:00,-0.010573357343673706
2024-09-17 22:00:00,-0.020403653383255005
2024-09-17 23:00:00,-0.016543596982955933
2024-09-18 00:00:00,-0.04490366578102112
2024-09-18 01:00:00,0.03542008996009827
2024-09-18 02:00:00,0.24510759115219116
2024-09-18 03:00:00,-0.055546581745147705
2024-09-18 04:00:00,-0.14841008186340332
2024-09-18 05:00:00,-0.3779856562614441
2024-09-18 06:00:00,0.00993955135345459
2024-09-18 07:00:00,1.2387828826904297
2024-09-18 08:00:00,11.052122116088867
2024-09-18 09:00:00,18.354652404785156
2024-09-18 10:00:00,18.32080078125
2024-09-18 11:00:00,18.13623809814453
2024-09-18 12:00:00,18.324098587036133
2024-09-18 13:00:00,16.996219635009766
2024-09-18 14:00:00,14.058391571044922
2024-09-18 15:00:00,8.779325485229492
2024-09-18 16:00:00,5.234029769897461
2024-09-18 17:00:00,3.3837056159973145
2024-09-18 18:00:00,-0.019189506769180298
2024-09-18 19:00:00,0.12429514527320862
2024-09-18 20:00:00,0.021464228630065918
2024-09-18 21:00:00,0.04377323389053345
2024-09-18 22:00:00,0.05678313970565796
2024-09-18 23:00:00,0.052453309297561646
2024-09-19 00:00:00,0.007143646478652954
2024-09-19 01:00:00,0.0032584965229034424
2024-09-19 02:00:00,0.03211115300655365
2024-09-19 03:00:00,0.004686415195465088
2024-09-19 04:00:00,0.5283863544464111
2024-09-19 05:00:00,1.2178888320922852
2024-09-19 06:00:00,1.112865924835205
2024-09-19 07:00:00,3.2288074493408203
2024-09-19 08:00:00,12.974459648132324
2024-09-19 09:00:00,18.59691047668457
2024-09-19 10:00:00,18.45925521850586
2024-09-19 11:00:00,18.3966007232666
2024-09-19 12:00:00,18.466815948486328
2024-09-19 13:00:00,18.39265251159668
2024-09-19 14:00:00,18.168718338012695
2024-09-19 15:00:00,17.067401885986328
2024-09-19 16:00:00,14.04371166229248
2024-09-19 17:00:00,6.564446926116943
2024-09-19 18:00:00,0.5098422765731812
2024-09-19 19:00:00,-0.024936288595199585
2024-09-19 20:00:00,-0.03657853603363037
2024-09-19 21:00:00,0.01706954836845398
2024-09-19 22:00:00,0.00786435604095459
2024-09-19 23:00:00,0.015184104442596436
2024-09-20 00:00:00,0.0157758891582489
2024-09-20 01:00:00,-0.01574215292930603
2024-09-20 02:00:00,-0.09530729055404663
2024-09-20 03:00:00,-0.15790578722953796
2024-09-20 04:00:00,0.011804014444351196
2024-09-20 05:00:00,0.4055931568145752
2024-09-20 06:00:00,2.6938271522521973
2024-09-20 07:00:00,8.837782859802246
2024-09-20 08:00:00,15.191725730895996
2024-09-20 09:00:00,17.373409271240234
2024-09-20 10:00:00,18.727460861206055
2024-09-20 11:00:00,18.61101722717285
2024-09-20 12:00:00,19.24736785888672
2024-09-20 13:00:00,19.165769577026367
2024-09-20 14:00:00,18.22044563293457
2024-09-20 15:00:00,17.051958084106445
2024-09-20 16:00:00,15.479127883911133
2024-09-20 17:00:00,11.067607879638672
2024-09-20 18:00:00,3.3966426849365234
2024-09-20 19:00:00,0.10571521520614624
2024-09-20 20:00:00,-0.08689254522323608
2024-09-20 21:00:00,-0.036660581827163696
2024-09-20 22:00:00,0.019815444946289062
2024-09-20 23:00:00,-0.013930082321166992
2024-09-21 00:00:00,-0.04779890179634094
2024-09-21 01:00:00,-0.09187117218971252
2024-09-21 02:00:00,-0.022624224424362183
2024-09-21 03:00:00,-0.0285109281539917
2024-09-21 04:00:00,-0.16660544276237488
2024-09-21 05:00:00,-0.1469687521457672
2024-09-21 06:00:00,0.16584458947181702
2024-09-21 07:00:00,3.561777114868164
2024-09-21 08:00:00,14.783452987670898
2024-09-21 09:00:00,17.81982421875
2024-09-21 10:00:00,19.021102905273438
2024-09-21 11:00:00,19.872180938720703
2024-09-21 12:00:00,19.724153518676758
2024-09-21 13:00:00,19.292667388916016
2024-09-21 14:00:00,18.471351623535156
2024-09-21 15:00:00,17.39240837097168
2024-09-21 16:00:00,16.141450881958008
2024-09-21 17:00:00,10.40793228149414
2024-09-21 18:00:00,1.9974303245544434
2024-09-21 19:00:00,0.027401268482208252
2024-09-21 20:00:00,-0.03124690055847168
2024-09-21 21:00:00,0.0280015766620636
2024-09-21 22:00:00,0.06727093458175659
2024-09-21 23:00:00,0.0323520302772522
2024-09-22 00:00:00,-0.002976059913635254
2024-09-22 01:00:00,0.031770676374435425
2024-09-22 02:00:00,0.01467922329902649
2024-09-22 03:00:00,-0.14496874809265137
2024-09-22 04:00:00,-0.17161798477172852
2024-09-22 05:00:00,-0.2235257923603058
2024-09-22 06:00:00,0.11956903338432312
2024-09-22 07:00:00,2.6638755798339844
2024-09-22 08:00:00,15.971770286560059
2024-09-22 09:00:00,16.90717124938965
2024-09-22 10:00:00,17.912092208862305
2024-09-22 11:00:00,17.42864418029785
2024-09-22 12:00:00,16.406518936157227
2024-09-22 13:00:00,14.06414794921875
2024-09-22 14:00:00,12.250455856323242
2024-09-22 15:00:00,10.149120330810547
2024-09-22 16:00:00,7.718008995056152
2024-09-22 17:00:00,3.190206527709961
2024-09-22 18:00:00,0.7778501510620117
2024-09-22 19:00:00,0.15692675113677979
2024-09-22 20:00:00,0.08064267039299011
2024-09-22 21:00:00,0.05808340013027191
2024-09-22 22:00:00,0.05131042003631592
2024-09-22 23:00:00,0.008309990167617798
2024-09-23 00:00:00,-0.027826368808746338
2024-09-23 01:00:00,0.0021631717681884766
2024-09-23 02:00:00,0.04026678204536438
2024-09-23 03:00:00,0.1146843433380127
2024-09-23 04:00:00,0.13657298684120178
2024-09-23 05:00:00,0.3912443518638611
2024-09-23 06:00:00,2.0865671634674072
2024-09-23 07:00:00,8.960315704345703
2024-09-23 08:00:00,12.716033935546875
2024-09-23 09:00:00,15.966926574707031
2024-09-23 10:00:00,16.975900650024414
2024-09-23 11:00:00,18.810916900634766
2024-09-23 12:00:00,18.883201599121094
2024-09-23 13:00:00,18.4578800201416
2024-09-23 14:00:00,17.187753677368164
2024-09-23 15:00:00,13.397311210632324
2024-09-23 16:00:00,11.240805625915527
2024-09-23 17:00:00,4.843862533569336
2024-09-23 18:00:00,0.6799302697181702
2024-09-23 19:00:00,0.2588171064853668
2024-09-23 20:00:00,0.034587472677230835
2024-09-23 21:00:00,-0.015295147895812988
2024-09-23 22:00:00,-0.04079318046569824
2024-09-23 23:00:00,-0.014426648616790771
2024-09-24 00:00:00,0.02399998903274536
2024-09-24 01:00:00,0.03893038630485535
2024-09-24 02:00:00,0.03943035006523132
2024-09-24 03:00:00,0.1424955427646637
2024-09-24 04:00:00,0.11827033758163452
2024-09-24 05:00:00,2.0873055458068848
2024-09-24 06:00:00,0.21787014603614807
2024-09-24 07:00:00,7.733757972717285
2024-09-24 08:00:00,15.024776458740234
2024-09-24 09:00:00,17.000215530395508
2024-09-24 10:00:00,17.983095169067383
2024-09-24 11:00:00,18.1455020904541
2024-09-24 12:00:00,18.397138595581055
2024-09-24 13:00:00,18.07982063293457
2024-09-24 14:00:00,16.31475257873535
2024-09-24 15:00:00,12.733420372009277
2024-09-24 16:00:00,8.424821853637695
2024-09-24 17:00:00,2.9567792415618896
2024-09-24 18:00:00,0.6583113074302673
2024-09-24 19:00:00,0.20025381445884705
2024-09-24 20:00:00,0.06473737955093384
2024-09-24 21:00:00,0.06825685501098633
2024-09-24 22:00:00,0.0406002551317215
2024-09-24 23:00:00,0.03806757926940918
2024-09-25 00:00:00,0.03594207763671875
2024-09-25 01:00:00,0.028827667236328125
2024-09-25 02:00:00,0.022752583026885986
2024-09-25 03:00:00,0.0011201798915863037
2024-09-25 04:00:00,0.22402825951576233
2024-09-25 05:00:00,0.25708264112472534
2024-09-25 06:00:00,0.1238405704498291
2024-09-25 07:00:00,3.046571969985962
2024-09-25 08:00:00,15.397022247314453
2024-09-25 09:00:00,17.23835563659668
2024-09-25 10:00:00,17.096805572509766
2024-09-25 11:00:00,19.521644592285156
2024-09-25 12:00:00,19.385957717895508
2024-09-25 13:00:00,18.851097106933594
2024-09-25 14:00:00,18.163454055786133
2024-09-25 15:00:00,15.817628860473633
2024-09-25 16:00:00,13.317392349243164
2024-09-25 17:00:00,9.320085525512695
2024-09-25 18:00:00,2.5447380542755127
2024-09-25 19:00:00,-0.1326756775379181
2024-09-25 20:00:00,0.0971977710723877
2024-09-25 21:00:00,0.013129651546478271
2024-09-25 22:00:00,-0.014929413795471191
2024-09-25 23:00:00,-5.960464477539062e-07
2024-09-26 00:00:00,-0.0030360817909240723
2024-09-26 01:00:00,0.0032906830310821533
2024-09-26 02:00:00,-0.00894320011138916
2024-09-26 03:00:00,0.020986437797546387
2024-09-26 04:00:00,0.15764153003692627
2024-09-26 05:00:00,0.5941473841667175
2024-09-26 06:00:00,2.030458688735962
2024-09-26 07:00:00,3.992341995239258
2024-09-26 08:00:00,15.498443603515625
2024-09-26 09:00:00,17.403303146362305
2024-09-26 10:00:00,18.993268966674805
2024-09-26 11:00:00,19.044212341308594
2024-09-26 12:00:00,18.664987564086914
2024-09-26 13:00:00,17.517053604125977
2024-09-26 14:00:00,13.784494400024414
2024-09-26 15:00:00,10.908514976501465
2024-09-26 16:00:00,8.00770092010498
2024-09-26 17:00:00,5.0895676612854
2024-09-26 18:00:00,1.9279754161834717
2024-09-26 19:00:00,-0.08958795666694641
2024-09-26 20:00:00,0.07747465372085571
2024-09-26 21:00:00,0.12935015559196472
2024-09-26 22:00:00,0.3249444365501404
2024-09-26 23:00:00,0.2694277763366699
2024-09-27 00:00:00,0.21692699193954468
2024-09-27 01:00:00,0.1716400682926178
2024-09-27 02:00:00,0.12383043766021729
2024-09-27 03:00:00,0.1276542842388153
2024-09-27 04:00:00,1.056859016418457
2024-09-27 05:00:00,0.7412660121917725
2024-09-27 06:00:00,1.114976406097412
2024-09-27 07:00:00,2.3146398067474365
2024-09-27 08:00:00,10.631797790527344
2024-09-27 09:00:00,11.822606086730957
2024-09-27 10:00:00,12.442960739135742
2024-09-27 11:00:00,11.9616060256958
2024-09-27 12:00:00,14.136062622070312
2024-09-27 13:00:00,14.348003387451172
2024-09-27 14:00:00,13.290916442871094
2024-09-27 15:00:00,6.186277389526367
2024-09-27 16:00:00,1.5349853038787842
2024-09-27 17:00:00,0.6343585252761841
2024-09-27 18:00:00,0.3487199544906616
2024-09-27 19:00:00,0.15371745824813843
2024-09-27 20:00:00,0.08418911695480347
2024-09-27 21:00:00,-0.016470998525619507
2024-09-27 22:00:00,-0.030353665351867676
2024-09-27 23:00:00,-0.054603010416030884
2024-09-28 00:00:00,-0.035120874643325806
2024-09-28 01:00:00,-0.04498875141143799
2024-09-28 02:00:00,0.050683051347732544
2024-09-28 03:00:00,0.08248937129974365
2024-09-28 04:00:00,2.2572669982910156
2024-09-28 05:00:00,3.3525032997131348
2024-09-28 06:00:00,1.5391159057617188
2024-09-28 07:00:00,2.91524600982666
2024-09-28 08:00:00,11.292360305786133
2024-09-28 09:00:00,13.866207122802734
2024-09-28 10:00:00,15.80842113494873
2024-09-28 11:00:00,13.655621528625488
2024-09-28 12:00:00,13.896465301513672
2024-09-28 13:00:00,12.173129081726074
2024-09-28 14:00:00,12.485552787780762
2024-09-28 15:00:00,8.806134223937988
2024-09-28 16:00:00,7.5483856201171875
2024-09-28 17:00:00,7.459262371063232
2024-09-28 18:00:00,1.634143352508545
2024-09-28 19:00:00,0.0498620867729187
2024-09-28 20:00:00,0.12175124883651733
2024-09-28 21:00:00,0.09334182739257812
2024-09-28 22:00:00,0.0027571916580200195
2024-09-28 23:00:00,-0.05858337879180908
2024-09-29 00:00:00,-0.07039934396743774
2024-09-29 01:00:00,-0.08815446496009827
2024-09-29 02:00:00,-0.10416239500045776
2024-09-29 03:00:00,0.0668603777885437
2024-09-29 04:00:00,-0.06996744871139526
2024-09-29 05:00:00,0.2659682035446167
2024-09-29 06:00:00,1.4232501983642578
2024-09-29 07:00:00,9.825182914733887
2024-09-29 08:00:00,15.948143005371094
2024-09-29 09:00:00,16.294164657592773
2024-09-29 10:00:00,15.990592002868652
2024-09-29 11:00:00,17.45155143737793
2024-09-29 12:00:00,17.7716007232666
2024-09-29 13:00:00,16.10940170288086
2024-09-29 14:00:00,13.626448631286621
2024-09-29 15:00:00,12.022748947143555
2024-09-29 16:00:00,11.158120155334473
2024-09-29 17:00:00,3.9811182022094727
2024-09-29 18:00:00,0.37552037835121155
2024-09-29 19:00:00,0.12992849946022034
2024-09-29 20:00:00,0.04562938213348389
2024-09-29 21:00:00,0.041407451033592224
2024-09-29 22:00:00,0.0332145094871521
2024-09-29 23:00:00,0.00593237578868866
2024-09-30 00:00:00,-0.016309082508087158
2024-09-30 01:00:00,-0.02738097310066223
2024-09-30 02:00:00,-0.1223287582397461
2024-09-30 03:00:00,0.021918028593063354
2024-09-30 04:00:00,-0.09485739469528198
2024-09-30 05:00:00,-0.068174809217453
2024-09-30 06:00:00,-0.01972752809524536
2024-09-30 07:00:00,6.867819309234619
2024-09-30 08:00:00,17.09650230407715
2024-09-30 09:00:00,16.85232925415039
2024-09-30 10:00:00,18.165552139282227
2024-09-30 11:00:00,18.48084259033203
2024-09-30 12:00:00,18.091941833496094
2024-09-30 13:00:00,17.311738967895508
2024-09-30 14:00:00,14.885725975036621
2024-09-30 15:00:00,11.663342475891113
2024-09-30 16:00:00,9.608461380004883
2024-09-30 17:00:00,3.6634325981140137
2024-09-30 18:00:00,0.9225576519966125
2024-09-30 19:00:00,0.728182315826416
2024-09-30 20:00:00,0.05856698751449585
2024-09-30 21:00:00,0.22094932198524475
2024-09-30 22:00:00,0.09247532486915588
2024-09-30 23:00:00,0.08326646685600281
2024-10-01 00:00:00,0.05031868815422058
2024-10-01 01:00:00,0.035360902547836304
2024-10-01 02:00:00,0.017860636115074158
2024-10-01 03:00:00,-0.03324705362319946
2024-10-01 04:00:00,-0.0767432153224945
2024-10-01 05:00:00,0.2845168113708496
2024-10-01 06:00:00,-0.25819694995880127
2024-10-01 07:00:00,3.3435821533203125
2024-10-01 08:00:00,14.392130851745605
2024-10-01 09:00:00,18.376440048217773
2024-10-01 10:00:00,19.190998077392578
2024-10-01 11:00:00,19.238950729370117
2024-10-01 12:00:00,19.4500675201416
2024-10-01 13:00:00,18.403837203979492
2024-10-01 14:00:00,17.27074432373047
2024-10-01 15:00:00,15.856623649597168
2024-10-01 16:00:00,14.502775192260742
2024-10-01 17:00:00,9.346620559692383
2024-10-01 18:00:00,3.4860177040100098
2024-10-01 19:00:00,0.5048104524612427
2024-10-01 20:00:00,0.31164729595184326
2024-10-01 21:00:00,0.13183867931365967
2024-10-01 22:00:00,0.042162567377090454
2024-10-01 23:00:00,0.03566575050354004
2024-10-02 00:00:00,0.06434348225593567
2024-10-02 01:00:00,0.05207899212837219
2024-10-02 02:00:00,0.10702663660049438
2024-10-02 03:00:00,0.37042364478111267
2024-10-02 04:00:00,0.30315396189689636
2024-10-02 05:00:00,0.4350458085536957
2024-10-02 06:00:00,4.025158882141113
2024-10-02 07:00:00,2.732802629470825
2024-10-02 08:00:00,7.12351131439209
2024-10-02 09:00:00,11.099552154541016
2024-10-02 10:00:00,9.239351272583008
2024-10-02 11:00:00,10.21718692779541
2024-10-02 12:00:00,10.353044509887695
2024-10-02 13:00:00,9.897561073303223
2024-10-02 14:00:00,12.970556259155273
2024-10-02 15:00:00,15.674445152282715
2024-10-02 16:00:00,13.227448463439941
2024-10-02 17:00:00,10.880607604980469
2024-10-02 18:00:00,9.288427352905273
2024-10-02 19:00:00,3.7113802433013916
2024-10-02 20:00:00,0.2641654312610626
2024-10-02 21:00:00,0.24525049328804016
2024-10-02 22:00:00,0.11368218064308167
2024-10-02 23:00:00,0.07398295402526855
2024-10-03 00:00:00,0.021399497985839844
2024-10-03 01:00:00,-0.023520290851593018
2024-10-03 02:00:00,-0.09345120191574097
2024-10-03 03:00:00,0.22270038723945618
2024-10-03 04:00:00,0.16564777493476868
2024-10-03 05:00:00,0.12043890357017517
2024-10-03 06:00:00,0.41169726848602295
2024-10-03 07:00:00,6.50054931640625
2024-10-03 08:00:00,14.360835075378418
2024-10-03 09:00:00,15.479486465454102
2024-10-03 10:00:00,17.7580623626709
2024-10-03 11:00:00,17.566326141357422
2024-10-03 12:00:00,18.20749282836914
2024-10-03 13:00:00,17.731792449951172
2024-10-03 14:00:00,16.299686431884766
2024-10-03 15:00:00,15.327516555786133
2024-10-03 16:00:00,11.513871192932129
2024-10-03 17:00:00,8.514640808105469
2024-10-03 18:00:00,4.554096221923828
2024-10-03 19:00:00,0.4278008043766022
2024-10-03 20:00:00,0.09893488883972168
2024-10-03 21:00:00,-0.07496601343154907
2024-10-03 22:00:00,-0.1045956015586853
2024-10-03 23:00:00,-0.14590376615524292
2024-10-04 00:00:00,-0.12837553024291992
2024-10-04 01:00:00,-0.09266212582588196
2024-10-04 02:00:00,0.040322721004486084
2024-10-04 03:00:00,-0.10066834092140198
2024-10-04 04:00:00,-0.003142714500427246
2024-10-04 05:00:00,4.456300735473633
2024-10-04 06:00:00,-0.8647082448005676
2024-10-04 07:00:00,8.638708114624023
2024-10-04 08:00:00,12.962531089782715
2024-10-04 09:00:00,16.459758758544922
2024-10-04 10:00:00,17.41831398010254
2024-10-04 11:00:00,17.971010208129883
2024-10-04 12:00:00,16.626859664916992
2024-10-04 13:00:00,17.042587280273438
2024-10-04 14:00:00,17.061553955078125
2024-10-04 15:00:00,16.751998901367188
2024-10-04 16:00:00,14.515674591064453
2024-10-04 17:00:00,10.679823875427246
2024-10-04 18:00:00,4.729816436767578
2024-10-04 19:00:00,0.7057702541351318
2024-10-04 20:00:00,0.06834360957145691
2024-10-04 21:00:00,0.07582718133926392
2024-10-04 22:00:00,-0.05010685324668884
2024-10-04 23:00:00,-0.18868526816368103
2024-10-05 00:00:00,-0.10235249996185303
2024-10-05 01:00:00,-0.05714938044548035
2024-10-05 02:00:00,0.061629533767700195
2024-10-05 03:00:00,0.1690458357334137
2024-10-05 04:00:00,0.22059741616249084
2024-10-05 05:00:00,0.583446741104126
2024-10-05 06:00:00,0.9754336476325989
2024-10-05 07:00:00,5.231473922729492
2024-10-05 08:00:00,15.466667175292969
2024-10-05 09:00:00,17.302539825439453
2024-10-05 10:00:00,18.002763748168945
2024-10-05 11:00:00,18.72496795654297
2024-10-05 12:00:00,18.439868927001953
2024-10-05 13:00:00,18.0786075592041
2024-10-05 14:00:00,17.52047348022461
2024-10-05 15:00:00,16.11069679260254
2024-10-05 16:00:00,12.963627815246582
2024-10-05 17:00:00,6.30748987197876
2024-10-05 18:00:00,1.2110040187835693
2024-10-05 19:00:00,0.20282047986984253
2024-10-05 20:00:00,0.05000573396682739
2024-10-05 21:00:00,-0.011341452598571777
2024-10-05 22:00:00,-0.024605512619018555
2024-10-05 23:00:00,-0.047887176275253296
2024-10-06 00:00:00,-0.0457308292388916
2024-10-06 01:00:00,-0.00733831524848938
2024-10-06 02:00:00,0.027379333972930908
2024-10-06 03:00:00,0.0037652552127838135
2024-10-06 04:00:00,-0.5273376703262329
2024-10-06 05:00:00,0.18689405918121338
2024-10-06 06:00:00,1.0072479248046875
2024-10-06 07:00:00,6.023561000823975
2024-10-06 08:00:00,16.497451782226562
2024-10-06 09:00:00,19.232948303222656
2024-10-06 10:00:00,19.151302337646484
2024-10-06 11:00:00,19.205711364746094
2024-10-06 12:00:00,18.522302627563477
2024-10-06 13:00:00,18.466981887817383
2024-10-06 14:00:00,18.24334144592285
2024-10-06 15:00:00,17.04253578186035
2024-10-06 16:00:00,15.249592781066895
2024-10-06 17:00:00,10.88512134552002
2024-10-06 18:00:00,2.625977039337158
2024-10-06 19:00:00,-0.10615777969360352
2024-10-06 20:00:00,0.12430611252784729
2024-10-06 21:00:00,0.02221888303756714
2024-10-06 22:00:00,0.012632802128791809
2024-10-06 23:00:00,-0.017327964305877686
2024-10-07 00:00:00,-0.02261531352996826
2024-10-07 01:00:00,-0.016947686672210693
2024-10-07 02:00:00,-0.0024968981742858887
2024-10-07 03:00:00,0.032996922731399536
2024-10-07 04:00:00,-0.3002280592918396
2024-10-07 05:00:00,-0.11314952373504639
2024-10-07 06:00:00,1.7554326057434082
2024-10-07 07:00:00,7.570127010345459
2024-10-07 08:00:00,15.402687072753906
2024-10-07 09:00:00,14.628373146057129
2024-10-07 10:00:00,14.372383117675781
2024-10-07 11:00:00,13.892006874084473
2024-10-07 12:00:00,13.520828247070312
2024-10-07 13:00:00,12.920270919799805
2024-10-07 14:00:00,11.592162132263184
2024-10-07 15:00:00,8.805476188659668
2024-10-07 16:00:00,5.490801811218262
2024-10-07 17:00:00,3.3045763969421387
2024-10-07 18:00:00,1.793365716934204
2024-10-07 19:00:00,0.4182389974594116
2024-10-07 20:00:00,0.240471750497818
2024-10-07 21:00:00,0.14189893007278442
2024-10-07 22:00:00,0.13153356313705444
2024-10-07 23:00:00,0.07762140035629272
2024-10-08 00:00:00,-0.019343703985214233
2024-10-08 01:00:00,-0.03403055667877197
2024-10-08 02:00:00,-0.061635226011276245
2024-10-08 03:00:00,0.08361360430717468
2024-10-08 04:00:00,-0.0015163123607635498
2024-10-08 05:00:00,3.677459716796875
2024-10-08 06:00:00,-0.3508574962615967
2024-10-08 07:00:00,11.343443870544434
2024-10-08 08:00:00,13.170056343078613
2024-10-08 09:00:00,18.017719268798828
2024-10-08 10:00:00,18.570377349853516
2024-10-08 11:00:00,19.135635375976562
2024-10-08 12:00:00,17.997251510620117
2024-10-08 13:00:00,14.09974193572998
2024-10-08 14:00:00,13.275293350219727
2024-10-08 15:00:00,10.25424575805664
2024-10-08 16:00:00,9.868560791015625
2024-10-08 17:00:00,5.479571342468262
2024-10-08 18:00:00,1.398228645324707
2024-10-08 19:00:00,0.07626888155937195
2024-10-08 20:00:00,-0.028486937284469604
2024-10-08 21:00:00,-0.002746492624282837
2024-10-08 22:00:00,0.01935437321662903
2024-10-08 23:00:00,0.03281766176223755
2024-10-09 00:00:00,0.034683048725128174
2024-10-09 01:00:00,0.060350000858306885
2024-10-09 02:00:00,0.045648425817489624
2024-10-09 03:00:00,0.24063846468925476
2024-10-09 04:00:00,-0.039840489625930786
2024-10-09 05:00:00,2.5020029544830322
2024-10-09 06:00:00,2.4710772037506104
2024-10-09 07:00:00,2.9921581745147705
2024-10-09 08:00:00,14.850517272949219
2024-10-09 09:00:00,16.543289184570312
2024-10-09 10:00:00,17.015527725219727
2024-10-09 11:00:00,17.852375030517578
2024-10-09 12:00:00,16.761301040649414
2024-10-09 13:00:00,15.28286361694336
2024-10-09 14:00:00,13.374271392822266
2024-10-09 15:00:00,12.843696594238281
2024-10-09 16:00:00,9.62812328338623
2024-10-09 17:00:00,4.517439365386963
2024-10-09 18:00:00,0.15028169751167297
2024-10-09 19:00:00,0.17150530219078064
2024-10-09 20:00:00,0.11578688025474548
2024-10-09 21:00:00,0.11654466390609741
2024-10-09 22:00:00,0.10145050287246704
2024-10-09 23:00:00,0.056218892335891724
2024-10-10 00:00:00,0.0020691603422164917
2024-10-10 01:00:00,-0.0012546628713607788
2024-10-10 02:00:00,-0.029191315174102783
2024-10-10 03:00:00,-0.004976540803909302
2024-10-10 04:00:00,0.23368936777114868
2024-10-10 05:00:00,-0.022405385971069336
2024-10-10 06:00:00,0.044515013694763184
2024-10-10 07:00:00,3.0508832931518555
2024-10-10 08:00:00,16.45696258544922
2024-10-10 09:00:00,16.610626220703125
2024-10-10 10:00:00,17.888427734375
2024-10-10 11:00:00,18.517362594604492
2024-10-10 12:00:00,18.84040641784668
2024-10-10 13:00:00,18.371898651123047
2024-10-10 14:00:00,17.806787490844727
2024-10-10 15:00:00,16.0449161529541
2024-10-10 16:00:00,13.322022438049316
2024-10-10 17:00:00,6.505367279052734
2024-10-10 18:00:00,0.858637273311615
2024-10-10 19:00:00,0.03618353605270386
2024-10-10 20:00:00,0.03449356555938721
2024-10-10 21:00:00,0.02658534049987793
2024-10-10 22:00:00,0.036099761724472046
2024-10-10 23:00:00,-0.0070275962352752686
2024-10-11 00:00:00,-0.043374598026275635
2024-10-11 01:00:00,-0.06137043237686157
2024-10-11 02:00:00,-0.06564337015151978
2024-10-11 03:00:00,0.07096284627914429
2024-10-11 04:00:00,-0.058494001626968384
2024-10-11 05:00:00,1.3200268745422363
2024-10-11 06:00:00,2.988041877746582
2024-10-11 07:00:00,11.04669189453125
2024-10-11 08:00:00,16.06939125061035
2024-10-11 09:00:00,17.429533004760742
2024-10-11 10:00:00,18.797151565551758
2024-10-11 11:00:00,19.02426528930664
2024-10-11 12:00:00,19.15796661376953
2024-10-11 13:00:00,18.34671974182129
2024-10-11 14:00:00,16.12038230895996
2024-10-11 15:00:00,12.833038330078125
2024-10-11 16:00:00,9.253009796142578
2024-10-11 17:00:00,5.256592750549316
2024-10-11 18:00:00,0.97695392370224
2024-10-11 19:00:00,0.06563609838485718
2024-10-11 20:00:00,-0.021023154258728027
2024-10-11 21:00:00,0.0031975209712982178
2024-10-11 22:00:00,-0.03152954578399658
2024-10-11 23:00:00,0.017256945371627808
2024-10-12 00:00:00,-0.008289515972137451
2024-10-12 01:00:00,-0.07954534888267517
2024-10-12 02:00:00,-0.08124649524688721
2024-10-12 03:00:00,-0.050855785608291626
2024-10-12 04:00:00,0.1395910680294037
2024-10-12 05:00:00,0.14146167039871216
2024-10-12 06:00:00,1.2545745372772217
2024-10-12 07:00:00,10.418661117553711
2024-10-12 08:00:00,16.169448852539062
2024-10-12 09:00:00,17.410114288330078
2024-10-12 10:00:00,18.82840919494629
2024-10-12 11:00:00,18.544031143188477
2024-10-12 12:00:00,19.2598876953125
2024-10-12 13:00:00,18.716405868530273
2024-10-12 14:00:00,17.92184066772461
2024-10-12 15:00:00,17.006807327270508
2024-10-12 16:00:00,14.199370384216309
2024-10-12 17:00:00,6.950483798980713
2024-10-12 18:00:00,1.549515724182129
2024-10-12 19:00:00,0.10007572174072266
2024-10-12 20:00:00,-0.03790849447250366
2024-10-12 21:00:00,-0.016318559646606445
2024-10-12 22:00:00,0.026567846536636353
2024-10-12 23:00:00,-0.0009748935699462891
2024-10-13 00:00:00,-0.052501022815704346
2024-10-13 01:00:00,-0.068759024143219
2024-10-13 02:00:00,-0.018066763877868652
2024-10-13 03:00:00,-0.11531949043273926
2024-10-13 04:00:00,-0.3645075559616089
2024-10-13 05:00:00,0.42451196908950806
2024-10-13 06:00:00,-0.04216790199279785
2024-10-13 07:00:00,7.296441078186035
2024-10-13 08:00:00,13.933305740356445
2024-10-13 09:00:00,18.034942626953125
2024-10-13 10:00:00,19.32999038696289
2024-10-13 11:00:00,17.94965362548828
2024-10-13 12:00:00,18.213397979736328
2024-10-13 13:00:00,14.196416854858398
2024-10-13 14:00:00,12.198341369628906
2024-10-13 15:00:00,12.716226577758789
2024-10-13 16:00:00,8.632999420166016
2024-10-13 17:00:00,3.0803754329681396
2024-10-13 18:00:00,0.7206371426582336
2024-10-13 19:00:00,0.07189679145812988
2024-10-13 20:00:00,0.022122442722320557
2024-10-13 21:00:00,0.04049783945083618
2024-10-13 22:00:00,0.062335580587387085
2024-10-13 23:00:00,0.030327647924423218
2024-10-14 00:00:00,-0.014851301908493042
2024-10-14 01:00:00,-0.017808854579925537
2024-10-14 02:00:00,-0.011590540409088135
2024-10-14 03:00:00,-0.012992709875106812
2024-10-14 04:00:00,0.1144266426563263
2024-10-14 05:00:00,0.051732152700424194
2024-10-14 06:00:00,1.2736024856567383
2024-10-14 07:00:00,7.6725640296936035
2024-10-14 08:00:00,15.034805297851562
2024-10-14 09:00:00,17.43636703491211
2024-10-14 10:00:00,18.889204025268555
2024-10-14 11:00:00,19.48117446899414
2024-10-14 12:00:00,19.611413955688477
2024-10-14 13:00:00,19.16686248779297
2024-10-14 14:00:00,18.290374755859375
2024-10-14 15:00:00,17.163293838500977
2024-10-14 16:00:00,15.442183494567871
2024-10-14 17:00:00,8.557832717895508
2024-10-14 18:00:00,1.473374605178833
2024-10-14 19:00:00,0.037875741720199585
2024-10-14 20:00:00,-0.0683823823928833
2024-10-14 21:00:00,-0.0556638240814209
2024-10-14 22:00:00,-0.05899408459663391
2024-10-14 23:00:00,-0.07675594091415405
2024-10-15 00:00:00,-0.05292347073554993
2024-10-15 01:00:00,-0.055804282426834106
2024-10-15 02:00:00,-0.021235406398773193
2024-10-15 03:00:00,-0.006293982267379761
2024-10-15 04:00:00,0.0011303126811981201
2024-10-15 05:00:00,0.8836391568183899
2024-10-15 06:00:00,1.4530892372131348
2024-10-15 07:00:00,10.142148971557617
2024-10-15 08:00:00,16.023462295532227
2024-10-15 09:00:00,17.79023551940918
2024-10-15 10:00:00,18.840904235839844
2024-10-15 11:00:00,19.1192626953125
2024-10-15 12:00:00,19.04532241821289
2024-10-15 13:00:00,18.742673873901367
2024-10-15 14:00:00,17.973848342895508
2024-10-15 15:00:00,16.84150505065918
2024-10-15 16:00:00,13.947188377380371
2024-10-15 17:00:00,6.805622100830078
2024-10-15 18:00:00,1.1313648223876953
2024-10-15 19:00:00,0.19162800908088684
2024-10-15 20:00:00,0.07438570261001587
2024-10-15 21:00:00,0.0011154115200042725
2024-10-15 22:00:00,-0.02305501699447632
2024-10-15 23:00:00,-0.05968490242958069
2024-10-16 00:00:00,-0.0732656717300415
2024-10-16 01:00:00,-0.037932127714157104
2024-10-16 02:00:00,0.007773488759994507
2024-10-16 03:00:00,0.049102067947387695
2024-10-16 04:00:00,0.032574087381362915
2024-10-16 05:00:00,0.12234410643577576
2024-10-16 06:00:00,2.771019458770752
2024-10-16 07:00:00,10.45998477935791
2024-10-16 08:00:00,15.828722953796387
2024-10-16 09:00:00,17.93404769897461
2024-10-16 10:00:00,19.21541976928711
2024-10-16 11:00:00,19.611318588256836
2024-10-16 12:00:00,19.29610252380371
2024-10-16 13:00:00,18.95392417907715
2024-10-16 14:00:00,18.099023818969727
2024-10-16 15:00:00,16.845813751220703
2024-10-16 16:00:00,15.276755332946777
2024-10-16 17:00:00,9.436997413635254
2024-10-16 18:00:00,1.5291500091552734
2024-10-16 19:00:00,0.15668916702270508
2024-10-16 20:00:00,0.050296783447265625
2024-10-16 21:00:00,0.01203233003616333
2024-10-16 22:00:00,0.02035161852836609
2024-10-16 23:00:00,-0.023865073919296265
2024-10-17 00:00:00,-0.02394866943359375
2024-10-17 01:00:00,0.008607029914855957
2024-10-17 02:00:00,0.0340101420879364
2024-10-17 03:00:00,0.11195757985115051
2024-10-17 04:00:00,0.12120741605758667
2024-10-17 05:00:00,0.2437039017677307
2024-10-17 06:00:00,1.3466286659240723
2024-10-17 07:00:00,12.094082832336426
2024-10-17 08:00:00,16.857738494873047
2024-10-17 09:00:00,18.649253845214844
2024-10-17 10:00:00,19.815309524536133
2024-10-17 11:00:00,20.018259048461914
2024-10-17 12:00:00,19.26571273803711
2024-10-17 13:00:00,19.034812927246094
2024-10-17 14:00:00,18.548383712768555
2024-10-17 15:00:00,16.79212188720703
2024-10-17 16:00:00,15.13741683959961
2024-10-17 17:00:00,11.85358715057373
2024-10-17 18:00:00,5.326308727264404
2024-10-17 19:00:00,0.7752808332443237
2024-10-17 20:00:00,0.0500713586807251
2024-10-17 21:00:00,0.3104920983314514
2024-10-17 22:00:00,0.018178507685661316
2024-10-17 23:00:00,0.05762551724910736
2024-10-18 00:00:00,-0.026273250579833984
2024-10-18 01:00:00,-0.07018458843231201
2024-10-18 02:00:00,0.015134721994400024
2024-10-18 03:00:00,0.11531755328178406
2024-10-18 04:00:00,0.17849615216255188
2024-10-18 05:00:00,0.06508243083953857
2024-10-18 06:00:00,0.38401469588279724
2024-10-18 07:00:00,6.613692760467529
2024-10-18 08:00:00,17.51909065246582
2024-10-18 09:00:00,18.882915496826172
2024-10-18 10:00:00,19.455617904663086
2024-10-18 11:00:00,19.817852020263672
2024-10-18 12:00:00,19.452316284179688
2024-10-18 13:00:00,19.060850143432617
2024-10-18 14:00:00,18.046236038208008
2024-10-18 15:00:00,17.46392822265625
2024-10-18 16:00:00,15.610662460327148
2024-10-18 17:00:00,7.2663726806640625
2024-10-18 18:00:00,0.2707747220993042
2024-10-18 19:00:00,0.23164406418800354
2024-10-18 20:00:00,0.0770547091960907
2024-10-18 21:00:00,0.004215061664581299
2024-10-18 22:00:00,-0.022235870361328125
2024-10-18 23:00:00,-0.023498117923736572
2024-10-19 00:00:00,-0.05208653211593628
2024-10-19 01:00:00,-0.02934134006500244
2024-10-19 02:00:00,-0.017932474613189697
2024-10-19 03:00:00,0.09853310883045197
2024-10-19 04:00:00,0.2723332643508911
2024-10-19 05:00:00,0.3110966682434082
2024-10-19 06:00:00,-1.1416525840759277
2024-10-19 07:00:00,0.6297891736030579
2024-10-19 08:00:00,13.284807205200195
2024-10-19 09:00:00,19.586631774902344
2024-10-19 10:00:00,19.835933685302734
2024-10-19 11:00:00,19.07435417175293
2024-10-19 12:00:00,18.115886688232422
2024-10-19 13:00:00,17.25897979736328
2024-10-19 14:00:00,16.51763916015625
2024-10-19 15:00:00,13.831894874572754
2024-10-19 16:00:00,11.370909690856934
2024-10-19 17:00:00,8.712218284606934
2024-10-19 18:00:00,6.392273426055908
2024-10-19 19:00:00,2.427485942840576
2024-10-19 20:00:00,0.07175955176353455
2024-10-19 21:00:00,0.23019832372665405
2024-10-19 22:00:00,0.2618674039840698
2024-10-19 23:00:00,0.018885135650634766
2024-10-20 00:00:00,0.030188798904418945
2024-10-20 01:00:00,0.03586205840110779
2024-10-20 02:00:00,0.03733125329017639
2024-10-20 03:00:00,0.01809293031692505
2024-10-20 04:00:00,-0.01984730362892151
2024-10-20 05:00:00,-0.3441237807273865
2024-10-20 06:00:00,-0.12599271535873413
2024-10-20 07:00:00,0.9704135060310364
2024-10-20 08:00:00,9.904024124145508
2024-10-20 09:00:00,17.402286529541016
2024-10-20 10:00:00,18.991147994995117
2024-10-20 11:00:00,18.873958587646484
2024-10-20 12:00:00,18.795072555541992
2024-10-20 13:00:00,19.070554733276367
2024-10-20 14:00:00,18.92527961730957
2024-10-20 15:00:00,18.029691696166992
2024-10-20 16:00:00,15.934837341308594
2024-10-20 17:00:00,12.200092315673828
2024-10-20 18:00:00,5.013623237609863
2024-10-20 19:00:00,0.09118479490280151
2024-10-20 20:00:00,0.03197947144508362
2024-10-20 21:00:00,-0.031143665313720703
2024-10-20 22:00:00,-0.010322809219360352
2024-10-20 23:00:00,-0.021785825490951538
2024-10-21 00:00:00,-0.03898102045059204
2024-10-21 01:00:00,-0.026250630617141724
2024-10-21 02:00:00,-0.038696467876434326
2024-10-21 03:00:00,-0.019025802612304688
2024-10-21 04:00:00,0.057909101247787476
2024-10-21 05:00:00,-0.06713661551475525
2024-10-21 06:00:00,0.11810848116874695
2024-10-21 07:00:00,10.158016204833984
2024-10-21 08:00:00,16.004899978637695
2024-10-21 09:00:00,17.52187728881836
2024-10-21 10:00:00,19.05354118347168
2024-10-21 11:00:00,19.74021339416504
2024-10-21 12:00:00,19.384143829345703
2024-10-21 13:00:00,19.109962463378906
2024-10-21 14:00:00,18.643339157104492
2024-10-21 15:00:00,17.752750396728516
2024-10-21 16:00:00,16.843341827392578
2024-10-21 17:00:00,13.48379135131836
2024-10-21 18:00:00,5.485666275024414
2024-10-21 19:00:00,-0.034911930561065674
2024-10-21 20:00:00,0.10049429535865784
2024-10-21 21:00:00,0.025064915418624878
2024-10-21 22:00:00,0.0404382050037384
2024-10-21 23:00:00,0.04436546564102173
2024-10-22 00:00:00,-0.011650919914245605
2024-10-22 01:00:00,-0.06309890747070312
2024-10-22 02:00:00,-0.04157888889312744
2024-10-22 03:00:00,-0.02416086196899414
2024-10-22 04:00:00,0.0435008704662323
2024-10-22 05:00:00,0.028363972902297974
2024-10-22 06:00:00,0.05205810070037842
2024-10-22 07:00:00,8.709172248840332
2024-10-22 08:00:00,15.705102920532227
2024-10-22 09:00:00,18.03411293029785
2024-10-22 10:00:00,19.40181541442871
2024-10-22 11:00:00,19.810327529907227
2024-10-22 12:00:00,19.834644317626953
2024-10-22 13:00:00,19.268138885498047
2024-10-22 14:00:00,18.523983001708984
2024-10-22 15:00:00,17.667173385620117
2024-10-22 16:00:00,16.40218734741211
2024-10-22 17:00:00,10.160988807678223
2024-10-22 18:00:00,1.7972376346588135
2024-10-22 19:00:00,0.06045287847518921
2024-10-22 20:00:00,0.030531615018844604
2024-10-22 21:00:00,0.005185991525650024
2024-10-22 22:00:00,0.0610748827457428
2024-10-22 23:00:00,0.026659131050109863
2024-10-23 00:00:00,-0.023775190114974976
2024-10-23 01:00:00,-0.027145028114318848
2024-10-23 02:00:00,-0.011370360851287842
2024-10-23 03:00:00,-0.0029793083667755127
2024-10-23 04:00:00,-0.01254492998123169
2024-10-23 05:00:00,-0.07604062557220459
2024-10-23 06:00:00,0.02802714705467224
2024-10-23 07:00:00,5.242142677307129
2024-10-23 08:00:00,14.207051277160645
2024-10-23 09:00:00,17.58304214477539
2024-10-23 10:00:00,18.98155403137207
2024-10-23 11:00:00,19.499834060668945
2024-10-23 12:00:00,19.353511810302734
2024-10-23 13:00:00,18.62583351135254
2024-10-23 14:00:00,17.61961555480957
2024-10-23 15:00:00,16.90083885192871
2024-10-23 16:00:00,15.484139442443848
2024-10-23 17:00:00,10.710623741149902
2024-10-23 18:00:00,2.4485316276550293
2024-10-23 19:00:00,-0.042165786027908325
2024-10-23 20:00:00,0.07736548781394958
2024-10-23 21:00:00,0.012233838438987732
2024-10-23 22:00:00,0.008266657590866089
2024-10-23 23:00:00,-0.033594489097595215
2024-10-24 00:00:00,-0.05073058605194092
2024-10-24 01:00:00,-0.01015058159828186
2024-10-24 02:00:00,0.05691218376159668
2024-10-24 03:00:00,0.18947738409042358
2024-10-24 04:00:00,0.05996266007423401
2024-10-24 05:00:00,2.3187384605407715
2024-10-24 06:00:00,6.22437047958374
2024-10-24 07:00:00,6.936517715454102
2024-10-24 08:00:00,14.612394332885742
2024-10-24 09:00:00,15.970244407653809
2024-10-24 10:00:00,19.01264190673828
2024-10-24 11:00:00,19.29201316833496
2024-10-24 12:00:00,17.468408584594727
2024-10-24 13:00:00,15.97342300415039
2024-10-24 14:00:00,13.01789665222168
2024-10-24 15:00:00,10.23311996459961
2024-10-24 16:00:00,6.644076347351074
2024-10-24 17:00:00,3.2468764781951904
2024-10-24 18:00:00,0.3338509798049927
2024-10-24 19:00:00,0.1360553503036499
2024-10-24 20:00:00,0.13413485884666443
2024-10-24 21:00:00,0.07170495390892029
2024-10-24 22:00:00,0.1096075177192688
2024-10-24 23:00:00,0.0933305025100708
2024-10-25 00:00:00,0.07928745448589325
2024-10-25 01:00:00,0.09885385632514954
2024-10-25 02:00:00,0.0906686931848526
2024-10-25 03:00:00,0.11625868082046509
2024-10-25 04:00:00,2.0743627548217773
2024-10-25 05:00:00,1.8886406421661377
2024-10-25 06:00:00,1.016937494277954
2024-10-25 07:00:00,9.508256912231445
2024-10-25 08:00:00,15.334714889526367
2024-10-25 09:00:00,18.279617309570312
2024-10-25 10:00:00,18.18990707397461
2024-10-25 11:00:00,18.211381912231445
2024-10-25 12:00:00,18.221988677978516
2024-10-25 13:00:00,17.81465721130371
2024-10-25 14:00:00,16.626625061035156
2024-10-25 15:00:00,15.647699356079102
2024-10-25 16:00:00,8.959542274475098
2024-10-25 17:00:00,1.8501298427581787
2024-10-25 18:00:00,0.3407183289527893
2024-10-25 19:00:00,-0.047712892293930054
2024-10-25 20:00:00,-0.069062739610672
2024-10-25 21:00:00,-0.01723569631576538
2024-10-25 22:00:00,0.034213244915008545
2024-10-25 23:00:00,0.04756796360015869
2024-10-26 00:00:00,0.017949789762496948
2024-10-26 01:00:00,-0.001208961009979248
2024-10-26 02:00:00,-0.05801767110824585
2024-10-26 03:00:00,-0.1893133819103241
2024-10-26 04:00:00,-0.14628207683563232
2024-10-26 05:00:00,0.17852908372879028
2024-10-26 06:00:00,2.077949047088623
2024-10-26 07:00:00,6.911956310272217
2024-10-26 08:00:00,13.254602432250977
2024-10-26 09:00:00,17.485807418823242
2024-10-26 10:00:00,18.887447357177734
2024-10-26 11:00:00,19.159502029418945
2024-10-26 12:00:00,19.229427337646484
2024-10-26 13:00:00,18.724369049072266
2024-10-26 14:00:00,17.8885498046875
2024-10-26 15:00:00,16.5052547454834
2024-10-26 16:00:00,15.652624130249023
2024-10-26 17:00:00,11.888668060302734
2024-10-26 18:00:00,5.153641223907471
2024-10-26 19:00:00,0.7257769107818604
2024-10-26 20:00:00,-0.0008991360664367676
2024-10-26 21:00:00,-0.03863400220870972
2024-10-26 22:00:00,0.019353419542312622
2024-10-26 23:00:00,0.05551829934120178
2024-10-27 00:00:00,0.05856826901435852
2024-10-27 01:00:00,0.01464170217514038
2024-10-27 02:00:00,0.02489885687828064
2024-10-27 03:00:00,-0.20152384042739868
2024-10-27 04:00:00,-0.24411585927009583
2024-10-27 05:00:00,0.0006019473075866699
2024-10-27 06:00:00,0.5156310796737671
2024-10-27 07:00:00,4.022759437561035
2024-10-27 08:00:00,15.758213996887207
2024-10-27 09:00:00,16.784076690673828
2024-10-27 10:00:00,14.882155418395996
2024-10-27 11:00:00,16.210433959960938
2024-10-27 12:00:00,16.30912971496582
2024-10-27 13:00:00,13.405515670776367
2024-10-27 14:00:00,13.376246452331543
2024-10-27 15:00:00,13.910369873046875
2024-10-27 16:00:00,13.903039932250977
2024-10-27 17:00:00,7.604808330535889
2024-10-27 18:00:00,1.2814178466796875
2024-10-27 19:00:00,-0.06116631627082825
2024-10-27 20:00:00,0.09240543842315674
2024-10-27 21:00:00,-0.016083449125289917
2024-10-27 22:00:00,0.020372092723846436
2024-10-27 23:00:00,0.03889986872673035
2024-10-28 00:00:00,0.021899700164794922
2024-10-28 01:00:00,-0.015584200620651245
2024-10-28 02:00:00,-0.09847450256347656
2024-10-28 03:00:00,-0.14840427041053772
2024-10-28 04:00:00,0.03704768419265747
2024-10-28 05:00:00,0.23606404662132263
2024-10-28 06:00:00,0.9237173795700073
2024-10-28 07:00:00,7.077418327331543
2024-10-28 08:00:00,14.779471397399902
2024-10-28 09:00:00,17.545677185058594
2024-10-28 10:00:00,18.068782806396484
2024-10-28 11:00:00,15.575760841369629
2024-10-28 12:00:00,14.980627059936523
2024-10-28 13:00:00,14.692586898803711
2024-10-28 14:00:00,12.967227935791016
2024-10-28 15:00:00,11.110413551330566
2024-10-28 16:00:00,10.809094429016113
2024-10-28 17:00:00,5.521989822387695
2024-10-28 18:00:00,2.146080732345581
2024-10-28 19:00:00,0.3377390205860138
2024-10-28 20:00:00,0.04299384355545044
2024-10-28 21:00:00,0.05541655421257019
2024-10-28 22:00:00,0.010758042335510254
2024-10-28 23:00:00,-0.003752470016479492
2024-10-29 00:00:00,-0.030562132596969604
2024-10-29 01:00:00,-0.04484683275222778
2024-10-29 02:00:00,-0.04559078812599182
2024-10-29 03:00:00,-0.06043034791946411
2024-10-29 04:00:00,-0.15541943907737732
2024-10-29 05:00:00,-0.03486090898513794
2024-10-29 06:00:00,8.107367515563965
2024-10-29 07:00:00,16.626306533813477
2024-10-29 08:00:00,16.463916778564453
2024-10-29 09:00:00,15.740057945251465
2024-10-29 10:00:00,17.123933792114258
2024-10-29 11:00:00,16.90718650817871
2024-10-29 12:00:00,16.67768669128418
2024-10-29 13:00:00,16.56769561767578
2024-10-29 14:00:00,16.069856643676758
2024-10-29 15:00:00,12.717971801757812
2024-10-29 16:00:00,9.071117401123047
2024-10-29 17:00:00,3.5341672897338867
2024-10-29 18:00:00,-0.2071443498134613
2024-10-29 19:00:00,0.030460476875305176
2024-10-29 20:00:00,0.032762497663497925
2024-10-29 21:00:00,0.026667296886444092
2024-10-29 22:00:00,0.0282428115606308
2024-10-29 23:00:00,0.011520251631736755
